reviewId,content,score,thumbsUpCount,reviewCreatedVersion,reviewDate,clean_text,month,roberta_label,roberta_score,sentiment,sentiment_score
aeb841d0-ca45-4e9e-b447-9b7bc2ae0e0c,nice apps,5,0,1.9.0,2026-03-14 22:36:35,nice apps,2026-03,positive,0.627663254737854,positive,0.627663254737854
833b7665-9a5b-454d-97e0-c8d050e5d80c,"not useful, not fucntional.",1,0,1.8.8,2026-01-17 05:26:21,not useful not fucntional,2026-01,negative,0.8486831188201904,negative,-0.8486831188201904
a6038575-7120-4eef-97fd-564034ba4c6e,excellent,5,0,1.8.7,2026-01-12 06:40:39,excellent,2026-01,positive,0.5366027355194092,positive,0.5366027355194092
90315fef-0214-4dff-b636-136fd6b341da,72hrs verification? Asking for too much personal information! Garbage App!!!,1,0,,2025-12-07 14:33:32,hrs verification asking for too much personal information garbage app,2025-12,negative,0.948947548866272,negative,-0.948947548866272
b79c0ab1-c8a2-4c06-abcf-acc041849d09,masyadong maliit ang points,3,0,1.8.6,2025-11-06 15:20:59,masyadong maliit ang points,2025-11,negative,0.7515740394592285,negative,-0.7515740394592285
15b5ae3e-323f-4c19-8891-b7b77488b774,"it's my first time installing and trying the app, and it's looking good so far. my only suggestion is to please make the QR code available even when offline as I don't always have mobile data.",3,0,,2025-11-03 15:31:21,its my first time installing and trying the app and its looking good so far my only suggestion is to please make the qr code available even when offline as i dont always have mobile data,2025-11,positive,0.689912736415863,positive,0.689912736415863
ebcb87ff-d042-4b0c-a811-882d1571c2d6,excellent,5,0,,2025-10-30 05:13:32,excellent,2025-10,positive,0.5366027355194092,positive,0.5366027355194092
975ebd61-0138-40be-8b44-391631ea8274,"Cant even register, been waiting for OTP on my registered mobile number but no message being sent",1,0,1.8.2,2025-06-23 01:45:01,cant even register been waiting for otp on my registered mobile number but no message being sent,2025-06,negative,0.7288041114807129,negative,-0.7288041114807129
947e4008-1cc3-48bf-9d0c-93a4d6a30ab3,good,5,0,1.8.2,2025-06-02 18:41:20,good,2025-06,positive,0.43150457739830017,positive,0.43150457739830017
7537180e-eb87-4acd-b0ca-f97665fd53c0,I can't open my apps no in costumer service can help me... very disappointed,1,0,1.8.2,2025-05-31 00:48:27,i cant open my apps no in costumer service can help me very disappointed,2025-05,negative,0.9394482970237732,negative,-0.9394482970237732
611e17c0-e1f3-48d3-be63-b970597524e8,very good,5,0,1.8.2,2025-05-29 14:44:27,very good,2025-05,positive,0.7152419686317444,positive,0.7152419686317444
0267629a-69dc-486c-9c03-00b450e248b3,cannot be open,1,0,1.8.2,2025-05-29 13:49:54,cannot be open,2025-05,negative,0.773796796798706,negative,-0.773796796798706
f3164966-fbca-4531-87b2-6f3ba4b4b664,thanks'Limetless',5,0,1.8.2,2025-05-29 00:42:31,thankslimetless,2025-05,neutral,0.672675609588623,neutral,0.0
869279c2-41ea-4152-b37c-6381037ebb07,Dapat hindi limitless tawag eh puro limit ang points kaka sura,1,0,1.7.7,2025-01-03 17:07:21,dapat hindi limitless tawag eh puro limit ang points kaka sura,2025-01,negative,0.792022168636322,negative,-0.792022168636322
6326cfb9-65bf-46f2-afa0-8be903b86732,Salamat po sa limitless malaking tulong po ung point na natatanggap namin sa iyo... thanks 👍👍👍👍👍,5,0,1.7.7,2024-11-24 06:09:52,salamat po sa limitless malaking tulong po ung point na natatanggap namin sa iyo thanks ,2024-11,positive,0.9055089950561523,positive,0.9055089950561523
8a2708d8-7eef-4051-bdff-049bc1973fcf,fast and convinience,5,0,,2024-10-03 11:53:02,fast and convinience,2024-10,neutral,0.44253721833229065,neutral,0.0
10c2d22f-1a59-4f3a-984d-c38abdabf4c1,Badtrip yang app nio nag update lng ako ng number at di na nagana dikona na receive yung voucher ko ka dismaya kayo😡😡😡,1,0,1.7.5,2024-09-24 13:32:13,badtrip yang app nio nag update lng ako ng number at di na nagana dikona na receive yung voucher ko ka dismaya kayo,2024-09,negative,0.9454530477523804,negative,-0.9454530477523804
da8a0854-1af9-4790-8c89-d6a8fbebf360,hindi ko maverify ang registration ko ayaw mag send ng email palpak tong apps nyo pakiayos naman..,2,0,1.7.5,2024-09-14 03:01:46,hindi ko maverify ang registration ko ayaw mag send ng email palpak tong apps nyo pakiayos naman,2024-09,negative,0.9035797715187073,negative,-0.9035797715187073
2f8a8361-3206-4ce2-b162-026bd6f4c3e8,"It says my account is connected with Google account, but I can't even login using Google. I had tried resetting my PW, but still encountered the same issue. It's annoying how my account just suddenly logged out of the app. There goes all my points! Useless and annoying, might as well uninstall it.",1,3,1.7.5,2024-09-11 15:50:51,it says my account is connected with google account but i cant even login using google i had tried resetting my pw but still encountered the same issue its annoying how my account just suddenly logged out of the app there goes all my points useless and annoying might as well uninstall it,2024-09,negative,0.9479359984397888,negative,-0.9479359984397888
cac6516c-0999-4a2f-886f-a1d8498ba3f7,Very nice,5,0,1.7.5,2024-09-10 12:39:28,very nice,2024-09,positive,0.7373610138893127,positive,0.7373610138893127
a9d995af-dfa2-4864-9cf3-4d3bc122eaeb,"Talk to your dealerships, they are not professional when ordering refill tank. Order takes up to 4 hours to be delivered despite they are 2 km away only. It always like that they don't acknowledge orders and nothing.",1,0,,2024-09-05 06:35:34,talk to your dealerships they are not professional when ordering refill tank order takes up to  hours to be delivered despite they are  km away only it always like that they dont acknowledge orders and nothing,2024-09,negative,0.9084671139717102,negative,-0.9084671139717102
0d09d3f2-9e6b-44f0-ad8b-15178692938c,Unable to give what they've promised. I haven't received any vouchers from move it reward!!!,1,0,,2024-09-05 01:05:55,unable to give what theyve promised i havent received any vouchers from move it reward,2024-09,negative,0.8564186692237854,negative,-0.8564186692237854
e0ae0d23-8ada-4cf5-acab-7ce84e9cf1e0,Waste of space,1,0,1.7.4,2024-08-29 15:12:13,waste of space,2024-08,negative,0.9079165458679199,negative,-0.9079165458679199
3e54986c-e704-4550-84ad-7635b46158d8,Very happy 😊,5,0,1.7.4,2024-08-28 11:11:04,very happy ,2024-08,positive,0.895539402961731,positive,0.895539402961731
efff0290-7c37-4c59-9cc2-dd9e4c68c987,Ndi kona malog in account ko gamit gmail ko pero nakakapag reset ako ng password ko sa limitless pag nag forgot password ako kawawa.. masasayang mga voucher ko,1,0,1.7.4,2024-08-28 08:02:53,ndi kona malog in account ko gamit gmail ko pero nakakapag reset ako ng password ko sa limitless pag nag forgot password ako kawawa masasayang mga voucher ko,2024-08,negative,0.9147020578384399,negative,-0.9147020578384399
06927904-fa52-4b56-b621-7ecd8082de0d,bakit wala na yong fuel ko,5,0,1.7.4,2024-08-19 14:07:06,bakit wala na yong fuel ko,2024-08,negative,0.7617661356925964,negative,-0.7617661356925964
0f826032-aab2-4d7e-9e69-fc4a7d05b480,🫰🫰🫰,5,0,1.7.3,2024-08-16 19:51:49,,2024-08,neutral,0.4067281186580658,neutral,0.0
746309a0-f1f0-4573-943a-b55e582e52c5,puro kayo txt ng code wala naman lumalabas na voucher sa apps!!!nag email ako sa inyo ng ilang beses ni isa wala manlang kayong reply!!!non sense din ung mga numbers na nakaindicate sa apps nyo!!!lahat tinawagan ko walang sumasagot!!!meron palang isa..pero traffic enforcer daw sya???anu yun??joke???,1,0,1.7.3,2024-07-26 15:43:55,puro kayo txt ng code wala naman lumalabas na voucher sa appsnag email ako sa inyo ng ilang beses ni isa wala manlang kayong replynon sense din ung mga numbers na nakaindicate sa apps nyolahat tinawagan ko walang sumasagotmeron palang isapero traffic enforcer daw syaanu yunjoke,2024-07,negative,0.8259836435317993,negative,-0.8259836435317993
e021a6aa-2e0e-426d-9f63-c34f4e30b907,Nice apps,5,0,1.7.3,2024-07-26 07:57:28,nice apps,2024-07,positive,0.7009302377700806,positive,0.7009302377700806
b852406d-7917-4be0-ba3b-585d66cee498,Thank po,5,0,1.7.3,2024-07-26 07:25:55,thank po,2024-07,positive,0.6471150517463684,positive,0.6471150517463684
854bd150-4821-43bf-baa2-1bc646e59f32,"Wala kayong kwentang gas station lahat Ng limitless nyo n reward di makuha , lahat Ng pheonix gas station offline at manual lang daw kahit sa sinabi nyong mga Lugar na pwede kuhain Wala magsara n kayo",1,0,,2024-07-05 10:42:13,wala kayong kwentang gas station lahat ng limitless nyo n reward di makuha  lahat ng pheonix gas station offline at manual lang daw kahit sa sinabi nyong mga lugar na pwede kuhain wala magsara n kayo,2024-07,negative,0.8729529976844788,negative,-0.8729529976844788
fe4794a8-d9a5-45b2-8af7-1c845f12adf7,Nice,5,0,,2024-07-04 09:23:57,nice,2024-07,positive,0.47395825386047363,positive,0.47395825386047363
db675216-99b3-464a-98a2-52ad7900646c,Nice,5,0,1.7.2,2024-06-25 16:07:01,nice,2024-06,positive,0.47395825386047363,positive,0.47395825386047363
1e1ba4ef-1972-4156-b027-0567c401b130,Useless app! What is the point if your gas stations won't accept to scan QR codes to get points?,1,0,1.7.2,2024-06-18 04:44:06,useless app what is the point if your gas stations wont accept to scan qr codes to get points,2024-06,negative,0.906552255153656,negative,-0.906552255153656
c481a675-e958-486d-9e1c-008142943dc1,Verygood,5,0,1.7.2,2024-05-17 02:53:28,verygood,2024-05,positive,0.6881915330886841,positive,0.6881915330886841
059fcd21-bcbe-42b8-bdf1-59ec4ab610bf,It's Great 💓💓💓,5,0,1.7.2,2024-05-16 16:07:46,its great ,2024-05,positive,0.9414036870002747,positive,0.9414036870002747
11cbf81b-3b0f-4d64-88c1-f275d98d4351,good,5,0,1.7.2,2024-05-15 07:47:22,good,2024-05,positive,0.43150457739830017,positive,0.43150457739830017
c69f9f98-ef5e-4d45-8c43-a01b1fb3630c,Very convenient,5,0,1.7.2,2024-05-15 06:16:56,very convenient,2024-05,positive,0.6466084718704224,positive,0.6466084718704224
81d0b4d3-939b-4521-a823-535be136eaef,Cant use my voucher and no response for customer concern!,1,0,1.7.2,2024-04-30 04:58:19,cant use my voucher and no response for customer concern,2024-04,negative,0.8353871703147888,negative,-0.8353871703147888
c07afb57-36ea-4383-adf0-cd3a11993c95,Very helpful,5,0,1.7.2,2024-04-25 03:40:10,very helpful,2024-04,positive,0.7135199308395386,positive,0.7135199308395386
e8552224-8821-49bc-b850-c11d9704f5df,Super good fast transaction,5,0,1.7.2,2024-04-18 11:19:19,super good fast transaction,2024-04,positive,0.7651796340942383,positive,0.7651796340942383
4844720d-3538-4423-9bf8-ee92a1372771,Best app,5,0,1.7.2,2024-04-15 04:18:12,best app,2024-04,positive,0.8163614869117737,positive,0.8163614869117737
654595a1-8580-4d3a-85e0-f4a3683671b5,Guds,5,0,1.7.2,2024-04-15 02:06:47,guds,2024-04,neutral,0.3707287013530731,neutral,0.0
5cb8f947-3714-447b-806b-e6fff45fa03b,very goods,5,0,1.7.2,2024-04-14 19:47:14,very goods,2024-04,positive,0.6452360153198242,positive,0.6452360153198242
75b8b6c9-83f3-402f-bd33-b67c9516717a,"It's a big deal for me, thank you very much, God bless you",5,0,1.7.1,2024-04-14 19:41:27,its a big deal for me thank you very much god bless you,2024-04,positive,0.9319490194320679,positive,0.9319490194320679
8c1895bf-0eb1-47d6-aa7d-29a5af714ea8,Amazing,5,0,1.7.1,2024-04-13 14:49:43,amazing,2024-04,positive,0.6564694046974182,positive,0.6564694046974182
396f34a9-c7d2-4dcf-bc7b-a744923208ef,I uninstalled the app then reinstalled it...and keep in crashing,1,0,1.7.1,2024-03-30 09:17:55,i uninstalled the app then reinstalled itand keep in crashing,2024-03,negative,0.828764021396637,negative,-0.828764021396637
b24cb953-6f60-4092-89e0-95c2968fa3a6,Good,5,0,1.7.1,2024-03-19 04:40:26,good,2024-03,positive,0.4903799295425415,positive,0.4903799295425415
3d3bcdd3-2ecb-4d8a-9dc4-579b8fd5086c,Nice apps,5,0,1.7.1,2024-03-17 02:17:12,nice apps,2024-03,positive,0.7009302377700806,positive,0.7009302377700806
9e087ffa-5de8-4741-8a3b-040233f70cd5,"I can't verify my account, no verification code sent on my gmail account. Can't use this app.",1,1,1.7.1,2024-03-16 15:10:41,i cant verify my account no verification code sent on my gmail account cant use this app,2024-03,negative,0.8646833300590515,negative,-0.8646833300590515
31aa433f-4562-4be6-8b27-266c681f5128,very nice and good,5,0,1.7.1,2024-03-16 14:04:09,very nice and good,2024-03,positive,0.8386366367340088,positive,0.8386366367340088
1280d3f4-d5f7-4de7-8c98-5a0d00590010,Excellent,5,0,1.7.1,2024-03-16 00:29:52,excellent,2024-03,positive,0.5348658561706543,positive,0.5348658561706543
9ad12801-63b6-4126-8876-cf3724fc9861,"I can't login since my account is tied to Facebook and I can only login using the Facebook option. However when I do that, I am redirected to Facebook's ""App Not Ready"" error page. I can't even reset my password. Users should be given an alternative login mode, otherwise we are locked out from our accounts.",1,9,1.7.1,2024-03-10 01:15:54,i cant login since my account is tied to facebook and i can only login using the facebook option however when i do that i am redirected to facebooks app not ready error page i cant even reset my password users should be given an alternative login mode otherwise we are locked out from our accounts,2024-03,negative,0.8596994876861572,negative,-0.8596994876861572
ac96c043-1cd1-4f28-aa8b-3db6da6840f4,Very nice,5,0,,2024-03-01 07:28:51,very nice,2024-03,positive,0.7373610138893127,positive,0.7373610138893127
f789873f-4e20-459e-900f-64471692e0a2,Tysm limit less,5,0,1.7.1,2024-02-29 07:15:23,tysm limit less,2024-02,negative,0.44922229647636414,negative,-0.44922229647636414
b3d7dcf2-0c4b-47ec-b67a-577aef1f2325,The best,5,0,1.7.1,2024-02-28 06:09:44,the best,2024-02,positive,0.7933427691459656,positive,0.7933427691459656
8662a9ef-7dc4-4bd2-bd70-84f45860d96b,Slow to open,1,0,1.7.1,2024-02-25 08:47:16,slow to open,2024-02,negative,0.5473992824554443,negative,-0.5473992824554443
85e4e7ed-9c65-4dbd-b88f-fc67568342ca,nag message sakin ang move it na nakakuha ako ng voucher sa limitless 4 voucher un pero pag open ko ng apps wala nmn aoo nakita na voucher anu to lukuhan,1,0,1.7.1,2024-02-18 04:30:10,nag message sakin ang move it na nakakuha ako ng voucher sa limitless  voucher un pero pag open ko ng apps wala nmn aoo nakita na voucher anu to lukuhan,2024-02,neutral,0.46738842129707336,neutral,0.0
add169b2-8484-4042-96d1-4e802b2d059b,Ok,5,0,1.7.1,2024-02-14 15:13:27,ok,2024-02,neutral,0.45445236563682556,neutral,0.0
eb367add-b8a1-43a7-880f-22ed2683726c,I received 4 vouchers from move it today but when I go to the limitless app by clicking the reward_ voucher no voucher found. Please help me admin to resolve this issue. Hoping for your feedback very soon. Thank you!,4,2,1.7.1,2024-02-14 13:16:27,i received  vouchers from move it today but when i go to the limitless app by clicking the reward voucher no voucher found please help me admin to resolve this issue hoping for your feedback very soon thank you,2024-02,neutral,0.44253823161125183,neutral,0.0
8b45beee-50a3-4606-85e6-33aab7b7f137,So good apps,5,0,1.7.1,2024-02-14 06:28:58,so good apps,2024-02,positive,0.83384108543396,positive,0.83384108543396
f8336319-40e7-404f-b8ad-f19dec8469dd,great apps,5,0,1.7.1,2024-02-14 04:54:42,great apps,2024-02,positive,0.789585292339325,positive,0.789585292339325
0cd677d9-1659-4e6e-b69e-b0893dc57d2a,Good,5,0,1.7.1,2024-02-14 03:46:30,good,2024-02,positive,0.4903799295425415,positive,0.4903799295425415
ae6edeb6-450e-4858-aa6c-439a6ee42793,Very convenient,5,0,1.7.1,2024-02-14 03:28:14,very convenient,2024-02,positive,0.6466084718704224,positive,0.6466084718704224
27a49a18-1ed2-4f0a-be88-b0a75a56e49a,Very nice,5,0,1.7.0,2024-02-14 02:44:43,very nice,2024-02,positive,0.7373610138893127,positive,0.7373610138893127
16ad54f9-3a48-44b9-86b3-407f36e42708,Satisfied,5,0,,2024-02-14 02:22:41,satisfied,2024-02,positive,0.5976260304450989,positive,0.5976260304450989
802d7c98-26d8-448f-ac93-2bb7959801d5,where is my vouchers?,5,0,1.7.1,2024-02-14 01:47:54,where is my vouchers,2024-02,neutral,0.5785250067710876,neutral,0.0
43317ff3-87e5-4d9d-bde9-9026f6c85f46,Good,5,0,1.7.1,2024-01-26 11:11:55,good,2024-01,positive,0.4903799295425415,positive,0.4903799295425415
81f67bef-72b9-4f40-b0b1-27cafa6aa083,Good,5,0,1.7.0,2024-01-19 03:07:33,good,2024-01,positive,0.4903799295425415,positive,0.4903799295425415
b686ae8c-00be-4134-a309-e448e134baf5,I love it,5,0,1.7.0,2023-12-28 09:52:32,i love it,2023-12,positive,0.9171797633171082,positive,0.9171797633171082
5208601c-0457-49e4-970e-17c62e303e0c,where is my voucher from move it or grab,2,0,1.7.0,2023-12-27 04:44:28,where is my voucher from move it or grab,2023-12,neutral,0.8549898266792297,neutral,0.0
82db8dbd-7cec-4292-94b4-8a1b0e8608e9,Mabagal. Di ko magamit voucher ko,1,0,1.7.0,2023-12-21 22:34:10,mabagal di ko magamit voucher ko,2023-12,negative,0.8757924437522888,negative,-0.8757924437522888
badb3a2f-b1a3-4e2c-8d48-43a5e2ae60ae,I have a points from move it but i did not recieve at my limitless app,1,0,1.7.0,2023-12-21 05:48:33,i have a points from move it but i did not recieve at my limitless app,2023-12,neutral,0.524474561214447,neutral,0.0
16220a2f-ac0e-4637-9563-251a2ea26ed0,Perfect,5,0,1.7.0,2023-12-15 03:36:14,perfect,2023-12,positive,0.5308278799057007,positive,0.5308278799057007
3fba610d-e393-4bf5-898e-a36dffdc6c41,"Never received any vouchers to what I've expected to come, as our company's benefit. Will text, install to claim voucher but until now as 2nd attempt, NOTHING. Sorry but this is my thoughts to this app.",1,1,1.7.0,2023-12-13 10:13:39,never received any vouchers to what ive expected to come as our companys benefit will text install to claim voucher but until now as nd attempt nothing sorry but this is my thoughts to this app,2023-12,negative,0.8274407386779785,negative,-0.8274407386779785
41897326-a87b-49a4-8e33-bdd5a80bd852,kaka bwisit naman to ilang beses konang mg upload nang picture unverified parin,1,0,1.7.0,2023-10-30 23:48:59,kaka bwisit naman to ilang beses konang mg upload nang picture unverified parin,2023-10,negative,0.9216854572296143,negative,-0.9216854572296143
eb09831b-c09e-4869-abd5-ba0606191cd4,"I cant re-log in to my account. When entering the email and password, it always say that "" your account is connected to Google, use the google button to log in"" but there's no google button to log in. Only facebook or sign up are shown. Will rate 5 star if issue is fixed.",1,0,,2023-10-26 19:07:43,i cant relog in to my account when entering the email and password it always say that  your account is connected to google use the google button to log in but theres no google button to log in only facebook or sign up are shown will rate  star if issue is fixed,2023-10,negative,0.7475906014442444,negative,-0.7475906014442444
b928122c-c1e1-46a3-a9c7-b80c39ebb978,Wag na kayo maglagay ng option ng delivery ng gasul kasi hindi naman pumapasok sa hubs nyo yung order or ayaw lang talaga nila accept dahil mas mura sa app.,1,0,1.7.0,2023-10-24 04:48:50,wag na kayo maglagay ng option ng delivery ng gasul kasi hindi naman pumapasok sa hubs nyo yung order or ayaw lang talaga nila accept dahil mas mura sa app,2023-10,negative,0.8112735152244568,negative,-0.8112735152244568
111f246b-ef55-4cc9-80a4-1bab6faf71cf,very delayed transaction,1,0,1.7.0,2023-10-16 09:52:43,very delayed transaction,2023-10,negative,0.8559569120407104,negative,-0.8559569120407104
1736e808-d53e-481c-bc8c-3e2c083465b5,Ok,5,0,1.7.0,2023-10-13 23:50:03,ok,2023-10,neutral,0.45445236563682556,neutral,0.0
257a4be2-a95a-4e07-b8e5-3ced5ddd999c,INISCAM NA YUNG VOUCHER NAMIN SA GRAB/MOVE IT 2 MONTH NA 2X AKONG TINETEXT PERO UNTIL NOW WALA PARIN YUNG VOUCHER,1,1,1.7.0,2023-10-13 17:48:41,iniscam na yung voucher namin sa grabmove it  month na x akong tinetext pero until now wala parin yung voucher,2023-10,negative,0.4910992681980133,negative,-0.4910992681980133
117bd5f5-047d-41d2-9271-f4e52ac6ab90,Ako si SantieCafe Isa Po akung move et rider,5,0,1.7.0,2023-10-13 13:35:11,ako si santiecafe isa po akung move et rider,2023-10,neutral,0.5774355530738831,neutral,0.0
34a4f79c-8bbf-4b6b-b209-8748674f48fd,Very good,5,0,,2023-09-29 03:07:39,very good,2023-09,positive,0.7675232887268066,positive,0.7675232887268066
38ae3bd4-896c-432a-9358-c0e41f61dd42,Thank you so much limitless,5,0,1.6.8,2023-09-20 11:25:56,thank you so much limitless,2023-09,positive,0.8576930165290833,positive,0.8576930165290833
ade705b0-4384-4872-88ed-c23ddb86bb9b,De ko po ma kuha voucher ko po,5,0,1.6.8,2023-09-15 21:38:30,de ko po ma kuha voucher ko po,2023-09,neutral,0.4238402545452118,neutral,0.0
3034de67-ef6c-43ee-8322-05e9899551d2,very nice,4,0,,2023-09-04 13:28:12,very nice,2023-09,positive,0.6908937692642212,positive,0.6908937692642212
b7026b5c-5ec9-4320-ab8f-4ef11b4cee21,Super slow support chat!,1,0,1.6.8,2023-09-04 11:35:25,super slow support chat,2023-09,negative,0.8346092104911804,negative,-0.8346092104911804
1d5b592a-178c-4215-950b-22eee7d7ee78,Very good,5,0,1.6.8,2023-09-03 05:28:05,very good,2023-09,positive,0.7675232887268066,positive,0.7675232887268066
96814236-7b7e-4a7b-b813-48bcc47639c8,Excellent,5,0,1.6.8,2023-09-02 00:44:16,excellent,2023-09,positive,0.5348658561706543,positive,0.5348658561706543
f0ba0a9a-2446-4e10-a207-c97c36edebc3,No code received in making account.,1,0,1.6.8,2023-08-31 03:17:01,no code received in making account,2023-08,negative,0.5465192794799805,negative,-0.5465192794799805
784c5469-1d60-4fa5-b0c7-c75a6bb958fc,No otpp,1,0,1.6.8,2023-08-31 01:29:28,no otpp,2023-08,negative,0.4497653543949127,negative,-0.4497653543949127
8e93352b-cd81-4123-bb7e-4dc08961febe,There is no otp recieve .... Many times i try register but no one time pin recieve,1,0,1.6.8,2023-08-30 23:50:09,there is no otp recieve  many times i try register but no one time pin recieve,2023-08,negative,0.5872318148612976,negative,-0.5872318148612976
747c8bf6-b6d7-4ba0-8865-0737721ffa42,They're not sending otp,2,0,,2023-08-30 04:46:30,theyre not sending otp,2023-08,negative,0.5881498456001282,negative,-0.5881498456001282
9bf8757d-428a-4f9d-a093-442fb0d733af,"Tried many times to complete registration, but not receiving the one time pin to complete the process.",1,12,1.6.8,2023-08-29 08:55:09,tried many times to complete registration but not receiving the one time pin to complete the process,2023-08,negative,0.6233201026916504,negative,-0.6233201026916504
83d8d98c-2410-467e-a834-4b2954475d40,Malaking tulong po tulad na grab,5,0,1.6.8,2023-08-28 23:08:11,malaking tulong po tulad na grab,2023-08,positive,0.8248010873794556,positive,0.8248010873794556
907e88d2-0079-4037-9e07-a08ac5a01fd6,Very thank ypu,5,0,1.6.8,2023-08-25 10:59:21,very thank ypu,2023-08,positive,0.745760977268219,positive,0.745760977268219
bba24dfb-7880-481d-9691-0286b1932e54,i connot update my limitless app to my phone HUAWEI?,1,0,1.6.5,2023-08-25 01:37:33,i connot update my limitless app to my phone huawei,2023-08,neutral,0.6074532866477966,neutral,0.0
224d1eff-d411-4e5e-81b3-fd1ff370ca17,Easy to use. Thank you Limitless PH,5,0,1.6.8,2023-08-25 00:24:45,easy to use thank you limitless ph,2023-08,positive,0.814573347568512,positive,0.814573347568512
6cda9002-f57d-490b-b5df-d6350b0c59ff,Nice apps,5,0,,2023-08-25 00:16:21,nice apps,2023-08,positive,0.7009302377700806,positive,0.7009302377700806
d1f0e6f0-f461-46d4-9827-8ef73be28277,Nice to receive your email and thanks,5,0,1.6.6,2023-08-24 11:58:22,nice to receive your email and thanks,2023-08,positive,0.9134485125541687,positive,0.9134485125541687
28158b61-e6d7-486f-bc6e-658aba3f0a9a,I want to change my number because my old number did not receive all you sent vouchers,4,0,1.6.8,2023-08-24 04:49:51,i want to change my number because my old number did not receive all you sent vouchers,2023-08,negative,0.6887479424476624,negative,-0.6887479424476624
61abdeaf-e001-4f86-a0f1-522d736bcc89,very helpful,5,0,1.6.8,2023-08-24 04:16:44,very helpful,2023-08,positive,0.6860904693603516,positive,0.6860904693603516
619ee9f9-1431-4f4c-a85b-b2a86bdd3391,I can't open my limitless account,2,0,1.6.8,2023-08-23 07:43:56,i cant open my limitless account,2023-08,negative,0.864989161491394,negative,-0.864989161491394
7abba683-48d6-4d77-83a9-6f75e4a9de10,"This app is not function every time, and it's so hard to verify haha it's so pathetic kapeng mainit🤣",1,1,1.6.8,2023-07-28 23:20:34,this app is not function every time and its so hard to verify haha its so pathetic kapeng mainit,2023-07,negative,0.9207590222358704,negative,-0.9207590222358704
f94f8e55-579e-455f-9483-09f15b363441,"slow processing in verification, redeeming and earning.",1,6,1.6.8,2023-07-26 14:30:21,slow processing in verification redeeming and earning,2023-07,neutral,0.5808025002479553,neutral,0.0
558e5397-b502-4bcb-8bbe-6d4497cfee5d,Useful...,5,0,1.6.7,2023-07-26 04:26:59,useful,2023-07,negative,0.47373759746551514,negative,-0.47373759746551514
9badc933-17f8-43e5-9e8a-11619bdf29e9,APP is not responding,3,0,1.6.7,2023-07-16 05:25:40,app is not responding,2023-07,negative,0.720690906047821,negative,-0.720690906047821
7c3521f8-bbfe-4f54-ac68-3d24f8d6c6d3,"They are promoting in-app discount vouchers. When about to redeem the bought vouchers from the app to their fuel station, unexpected trouble happens. Most of the scanning device of the stations here at baliuag bulacan is offline. Please address the issue",2,15,1.6.7,2023-06-24 12:30:35,they are promoting inapp discount vouchers when about to redeem the bought vouchers from the app to their fuel station unexpected trouble happens most of the scanning device of the stations here at baliuag bulacan is offline please address the issue,2023-06,negative,0.7502077221870422,negative,-0.7502077221870422
1723c484-5b27-4c90-b62f-f17f9191d26d,"Ang arte niyo. Nag upload na nga ng selfie at license para sa verification ayaw pa. Well, F... you. App deleted. I won't be going to any of your station dahil lang dito.. ganun ako kainis sa arte ng verification niyo.",1,0,1.5.9,2023-06-21 06:09:05,ang arte niyo nag upload na nga ng selfie at license para sa verification ayaw pa well f you app deleted i wont be going to any of your station dahil lang dito ganun ako kainis sa arte ng verification niyo,2023-06,negative,0.8790662288665771,negative,-0.8790662288665771
cab266eb-d788-4004-8779-e4fabf3c92df,Owkie Owkie rt43arurrr r2,5,0,1.6.6,2023-06-15 06:41:44,owkie owkie rtarurrr r,2023-06,negative,0.3959170877933502,negative,-0.3959170877933502
8ed14711-c288-46ab-adb0-626d7615f6d8,"Nawalan ako ng P400 voucher. Sabi nila nag-expire daw, samantalang June 30 2023 pa expiration pero April palang. Para na nila akong dinugasan ng P400 dahil binayaran yun ng company ko pero wala sila ginawang paraan para maibalik man lang sakin.",1,0,1.6.5,2023-04-09 09:55:19,nawalan ako ng p voucher sabi nila nagexpire daw samantalang june   pa expiration pero april palang para na nila akong dinugasan ng p dahil binayaran yun ng company ko pero wala sila ginawang paraan para maibalik man lang sakin,2023-04,negative,0.8282732367515564,negative,-0.8282732367515564
4d704f85-0515-4bde-b46c-7747d3d61aba,Sobrang tagal maprocess ng order sobra na 1hr wala pa rin tawag mula sa hub... Hindi ata nila chinicheck kung may order ba o wala.,1,0,1.6.5,2023-04-05 06:16:04,sobrang tagal maprocess ng order sobra na hr wala pa rin tawag mula sa hub hindi ata nila chinicheck kung may order ba o wala,2023-04,negative,0.7363506555557251,negative,-0.7363506555557251
15544796-b62f-4c7b-af5c-fac8d13a6581,"It is hard to install on CP device or PC, app is telling you on what device to install it to and does not install right away. Dont know what's the prob. cant get the app to install/download to Mobile or PC",1,0,,2023-03-30 21:26:39,it is hard to install on cp device or pc app is telling you on what device to install it to and does not install right away dont know whats the prob cant get the app to installdownload to mobile or pc,2023-03,negative,0.8629404902458191,negative,-0.8629404902458191
8a6a443b-b9c3-43b8-9409-979cdc5d190e,POOR CUSTOMER SERVICE👎👎👎👎👎,1,1,1.6.5,2023-03-28 09:54:48,poor customer service,2023-03,negative,0.9581987857818604,negative,-0.9581987857818604
837317ed-3ebc-4c15-abca-493187984470,Very nice and very easy to use.thanks Limitless,5,0,1.6.5,2023-03-16 08:55:24,very nice and very easy to usethanks limitless,2023-03,positive,0.8787693381309509,positive,0.8787693381309509
b797549b-7ee7-4f5b-8f12-a5715c6372ec,"Ilang Phoenix Gasoline branch na pinuntahan ko, puro offline .. paano magagamit yung mga gas voucher .. sayang lang..",1,1,1.6.5,2023-03-13 13:15:50,ilang phoenix gasoline branch na pinuntahan ko puro offline  paano magagamit yung mga gas voucher  sayang lang,2023-03,negative,0.8701039552688599,negative,-0.8701039552688599
6225dc81-4b52-4bb8-8b8d-188dfb87e4b8,Ung fuel voucher q Wala padin tagal na nun,1,0,1.6.5,2023-03-11 03:06:34,ung fuel voucher q wala padin tagal na nun,2023-03,negative,0.6580018997192383,negative,-0.6580018997192383
163c0d41-ffb8-4f1f-86c9-878ad621aa6c,Good job,5,0,1.6.5,2023-03-06 19:07:25,good job,2023-03,positive,0.760999321937561,positive,0.760999321937561
4673d316-91c7-4bb9-a759-ff6db99553d9,excellent,5,0,1.6.5,2023-03-03 03:15:35,excellent,2023-03,positive,0.5366027355194092,positive,0.5366027355194092
61cc80c1-9a21-4e7f-821d-71c9d2252e72,I cant log in,1,0,1.6.5,2023-03-02 22:00:11,i cant log in,2023-03,negative,0.8075037598609924,negative,-0.8075037598609924
028b9b15-d6ef-43f7-9e50-d4fe0ac3f5cf,Great!,3,0,1.6.5,2023-03-02 08:24:54,great,2023-03,positive,0.8586522340774536,positive,0.8586522340774536
62de0cc1-efdb-4644-a837-697f7d237d04,nice,5,0,1.6.5,2023-03-02 04:17:29,nice,2023-03,positive,0.4518436789512634,positive,0.4518436789512634
ddb062d7-eb6f-462c-a701-67044a115290,Palpak,1,0,1.6.5,2023-03-02 04:11:37,palpak,2023-03,negative,0.6693670153617859,negative,-0.6693670153617859
7980a8b4-4ab7-4636-9361-d98d125fa367,Great,5,0,1.6.5,2023-03-01 16:04:25,great,2023-03,positive,0.7110204696655273,positive,0.7110204696655273
7cfd14bf-b819-4d11-8bd8-aaf1cc01f8b2,Why open limitless ph,5,0,1.6.5,2023-03-01 13:44:56,why open limitless ph,2023-03,negative,0.613939106464386,negative,-0.613939106464386
96bb4b9e-392e-41ac-9e3a-b67282213707,"Please add ""SEND POINTS"" feature!",3,0,1.6.5,2023-02-24 07:02:40,please add send points feature,2023-02,neutral,0.6608166694641113,neutral,0.0
21b1c126-c36f-4d0a-b44a-4e5c47490d3c,"Wala wenta amf pinag aalis nyo Yung pag reredeem Ng voucher, para saan pa Yung mga voucher?? tang Ina nyo...",1,1,1.6.4,2023-02-22 11:59:38,wala wenta amf pinag aalis nyo yung pag reredeem ng voucher para saan pa yung mga voucher tang ina nyo,2023-02,negative,0.9137011766433716,negative,-0.9137011766433716
ba572e3f-46df-42e0-8358-dc7c64310088,"Paano ko po marecover account KO ng limitless? Nakalimutan KO po JC password,KO, at na block na sya to many attempts na raw",4,0,1.6.5,2023-02-21 07:53:10,paano ko po marecover account ko ng limitless nakalimutan ko po jc passwordko at na block na sya to many attempts na raw,2023-02,negative,0.7762366533279419,negative,-0.7762366533279419
11abed4d-1696-4d8a-854c-e3c847fc9f51,Can't register takes too long to send the otp to my mobile number I'm tried many times until now I can't register I have to claimed voucher but can't register in this app,1,5,1.6.5,2023-02-09 05:07:29,cant register takes too long to send the otp to my mobile number im tried many times until now i cant register i have to claimed voucher but cant register in this app,2023-02,negative,0.8601599931716919,negative,-0.8601599931716919
1eb35fe0-264a-4d33-b788-803753ae0428,Good apps,5,0,1.6.4,2023-02-08 09:22:06,good apps,2023-02,positive,0.6928773522377014,positive,0.6928773522377014
8eda4a5b-0612-42e7-9f32-a1783d8c48cf,Great,5,0,1.6.5,2023-02-07 23:39:40,great,2023-02,positive,0.7110204696655273,positive,0.7110204696655273
0f6a136a-1c7a-465a-a26d-cee01c78b61e,i cant open my acct please resolve this i've already reset my password but still cant open my ponts ang my voucher will expire soon,1,0,,2023-02-07 20:12:01,i cant open my acct please resolve this ive already reset my password but still cant open my ponts ang my voucher will expire soon,2023-02,negative,0.8592877984046936,negative,-0.8592877984046936
e0119022-d181-4f56-8e8c-1f2e3a9758d5,"Wag na kayong gumamit ng app na ito, walang kwenta. Bumili ako ng gas voucher 17 Jan 2023 para makahabol sa pag taas ng gas, pag punta ko sa phoenix canlalay binan offline daw sila, bumalik ako Feb 3 na offline parin daw sila sabi sakin try ko daw sa cabuyao, nag email ako sa customer service, sabi pumunta daw ako sa putatan muntunlupa branch, na traffic pa ako from san pedro laguna, tapos offline daw sila Feb 6 na, mag sara na kayo wala kayong kwenta!!!!!",1,0,1.6.5,2023-02-06 04:09:48,wag na kayong gumamit ng app na ito walang kwenta bumili ako ng gas voucher  jan  para makahabol sa pag taas ng gas pag punta ko sa phoenix canlalay binan offline daw sila bumalik ako feb  na offline parin daw sila sabi sakin try ko daw sa cabuyao nag email ako sa customer service sabi pumunta daw ako sa putatan muntunlupa branch na traffic pa ako from san pedro laguna tapos offline daw sila feb  na mag sara na kayo wala kayong kwenta,2023-02,negative,0.671928346157074,negative,-0.671928346157074
493c1916-9623-486d-ab5d-63d449d6dccb,Ayaw tanggapin Ang Voucher niyo Phoenix Tandang Sora at Phoenix Congressional Walang Kwenta halos lahat na puntahan ko NEGATIVE,1,0,1.6.5,2023-02-03 06:04:53,ayaw tanggapin ang voucher niyo phoenix tandang sora at phoenix congressional walang kwenta halos lahat na puntahan ko negative,2023-02,negative,0.8064402937889099,negative,-0.8064402937889099
37d3943c-ff23-435b-aea0-df943c5f7676,After password reset i could no longer login. Poor app coding.,1,3,1.6.5,2023-02-02 11:44:29,after password reset i could no longer login poor app coding,2023-02,negative,0.9462363719940186,negative,-0.9462363719940186
5b225716-1bd6-4323-b25d-d60945b55c94,I love it 😍😍😍,5,0,1.6.4,2023-01-28 22:52:34,i love it ,2023-01,positive,0.9227204918861389,positive,0.9227204918861389
8e4e41a9-a1dc-43cf-aaba-cf1ab62e155a,Dapat Hindi limit less name Ng app nio Limited dapat nakakadismaya kayu Ang layu Ng station nio puro off line pa pag pinuntahan para mag redeem😡😡😡😡😡🤬🤬🤬Lalo Ng Yung Branch nio sa Muntinlupa Putatan masasabi ko na walang Kwenta ..🤬🤬🤬🤬😡😡,1,0,1.6.4,2023-01-24 07:05:34,dapat hindi limit less name ng app nio limited dapat nakakadismaya kayu ang layu ng station nio puro off line pa pag pinuntahan para mag redeemlalo ng yung branch nio sa muntinlupa putatan masasabi ko na walang kwenta ,2023-01,negative,0.9213730692863464,negative,-0.9213730692863464
9d5a8df0-2594-40b5-abb2-abc0f59458df,"Ayaw mag pa claim mga gosoline boy nyo, doña soledad extension, buwan buwan Sayang ang voucher kpag di nagamit mawawala, my linyahan pa na my taxi din daw dinakabayad ng gcash, next daw ganon parin, Ang explain sakin, pero bakit sa ibang pheonix station hindi nman, nauubusan pa nga bukid tangi sila around parañaque",1,0,1.6.4,2023-01-24 04:40:30,ayaw mag pa claim mga gosoline boy nyo doa soledad extension buwan buwan sayang ang voucher kpag di nagamit mawawala my linyahan pa na my taxi din daw dinakabayad ng gcash next daw ganon parin ang explain sakin pero bakit sa ibang pheonix station hindi nman nauubusan pa nga bukid tangi sila around paraaque,2023-01,negative,0.7566965222358704,negative,-0.7566965222358704
5628592c-79b2-48d5-966c-7ee7b22e34bd,"Bwisit na Radiant Star Merchandising Tikling yan, hindi naman makaorder thru limitless app.",1,0,1.6.3,2023-01-09 03:29:50,bwisit na radiant star merchandising tikling yan hindi naman makaorder thru limitless app,2023-01,negative,0.9218942523002625,negative,-0.9218942523002625
4d13eb7d-8713-4932-aba5-1d8403e11e49,"Ordering in this app is useless, especially when ordering with Phoenix Super LPG!! The order will not proceed with just the app order, you have to additionally talk to Phoenix Super LPG, which, has no working telephone numbers, and their FB chat is next to worthless!!",1,4,1.6.3,2022-12-20 04:08:24,ordering in this app is useless especially when ordering with phoenix super lpg the order will not proceed with just the app order you have to additionally talk to phoenix super lpg which has no working telephone numbers and their fb chat is next to worthless,2022-12,negative,0.9232276678085327,negative,-0.9232276678085327
e169af05-0a1d-458f-bfbf-967dc1cceffe,Bakit dko sya ma log in sa isng phone ko.kht for got password ko ayw prin,1,0,1.6.3,2022-12-15 05:10:21,bakit dko sya ma log in sa isng phone kokht for got password ko ayw prin,2022-12,negative,0.7124671339988708,negative,-0.7124671339988708
865220cb-e94e-4467-921d-9c818cfc1bbe,Very useful apps..,5,0,1.6.3,2022-12-15 03:41:20,very useful apps,2022-12,positive,0.8376137018203735,positive,0.8376137018203735
9ade6ae4-acdb-47b7-8318-51950fcc0363,Downloaded the app then tried to order LPG. Entered my address and also selected the nearest LPG hub. But there's no option to continue with the order. How does this app work? Am I doing something wrong or is this app worthless?,1,5,1.6.2,2022-12-12 04:35:20,downloaded the app then tried to order lpg entered my address and also selected the nearest lpg hub but theres no option to continue with the order how does this app work am i doing something wrong or is this app worthless,2022-12,negative,0.9018374681472778,negative,-0.9018374681472778
a3feade3-9b5a-49e0-a167-c3e4314915a0,gd pm po..di ko po ma claim ung voucher ko po..kc nakalimutan ko po ung password ko po..di ko po kasi kuha ung voucher ko sayang po...salamat po..,1,0,1.6.2,2022-12-02 07:51:27,gd pm podi ko po ma claim ung voucher ko pokc nakalimutan ko po ung password ko podi ko po kasi kuha ung voucher ko sayang posalamat po,2022-12,negative,0.878173828125,negative,-0.878173828125
74ba0a3f-3849-4ace-8f5b-1b549d3ae4cc,Amazing,5,0,1.6.1,2022-11-21 08:27:10,amazing,2022-11,positive,0.6564694046974182,positive,0.6564694046974182
35507021-0f32-4e8c-949f-0d7ad4084a8a,Happy,4,0,1.6.1,2022-11-20 03:20:36,happy,2022-11,positive,0.4437260329723358,positive,0.4437260329723358
b357ee04-3bd5-45d8-85b6-63505f5f6e7c,I cant reedemp my Grab voucher Wala kayong kwenta,1,0,1.6.1,2022-11-18 08:51:28,i cant reedemp my grab voucher wala kayong kwenta,2022-11,negative,0.9145296216011047,negative,-0.9145296216011047
96cac1d6-58f0-403c-84ff-2eae37be7d7d,Hindi ko maopen ang limitless sa android ko. Simula ng ngstart kayo dito sa limitless sa IOS ko nakapagstart ng register. Ngayon nag android ako hindi ko maopen ng dahil lang nakalagay USE APPLE BUTTON TO LOG IN. Sana maayos nyo po ito,3,0,1.6.1,2022-11-11 02:08:44,hindi ko maopen ang limitless sa android ko simula ng ngstart kayo dito sa limitless sa ios ko nakapagstart ng register ngayon nag android ako hindi ko maopen ng dahil lang nakalagay use apple button to log in sana maayos nyo po ito,2022-11,negative,0.8881451487541199,negative,-0.8881451487541199
cf880441-4e9b-4a61-b03c-546b354f0c18,"Frustrating, tried to register several times. I keep on getting an error message saying OTP failed????",1,6,1.6.1,2022-11-08 23:37:34,frustrating tried to register several times i keep on getting an error message saying otp failed,2022-11,negative,0.933338463306427,negative,-0.933338463306427
593741c0-940e-4efd-b012-4c3e243dd263,Ok na sana ung app kaya lang nung nagupdate sila nawala ung 400+ points ko na naipon ko sayang naman sana mabalik pa yun...,1,0,1.6.1,2022-11-02 09:18:43,ok na sana ung app kaya lang nung nagupdate sila nawala ung  points ko na naipon ko sayang naman sana mabalik pa yun,2022-11,negative,0.885171115398407,negative,-0.885171115398407
b4848a24-4767-4226-949c-e97b6ba960c4,I cant use my vouchers. They told me to wait for the email. But no email came,1,0,1.6.1,2022-10-27 05:48:26,i cant use my vouchers they told me to wait for the email but no email came,2022-10,negative,0.794185996055603,negative,-0.794185996055603
12b370f9-82a7-4828-923c-ac23b5567a5a,Thank you,5,0,,2022-10-26 00:28:27,thank you,2022-10,positive,0.8006350994110107,positive,0.8006350994110107
ee8a42d2-06d4-42f0-b2f2-18c5141dca05,helpfull,5,0,1.6.1,2022-10-25 08:10:58,helpfull,2022-10,neutral,0.4230712354183197,neutral,0.0
ab0f970d-82f6-4cad-a600-050fa1575d0a,Think you so much,5,0,1.6.1,2022-10-24 17:40:22,think you so much,2022-10,positive,0.3754819929599762,positive,0.3754819929599762
3b480401-9e87-4f0e-991f-02fdeb35ba28,Thankyou,5,0,1.6.1,2022-10-24 12:53:19,thankyou,2022-10,positive,0.7341329455375671,positive,0.7341329455375671
bc56fdc3-ce4d-48cb-8b8c-1dd6eaa71ad1,Nice,5,0,1.6.1,2022-10-24 12:26:37,nice,2022-10,positive,0.47395825386047363,positive,0.47395825386047363
de89a0aa-6608-4f23-b515-fefe33432ef9,Nice,5,0,,2022-10-24 09:39:32,nice,2022-10,positive,0.47395825386047363,positive,0.47395825386047363
effd42f1-853b-48b6-8549-28438d8bf10e,fast and effecient,5,0,1.6.1,2022-10-24 09:00:00,fast and effecient,2022-10,neutral,0.4850652515888214,neutral,0.0
ca7c91aa-8860-4c7f-9dd8-dcf62da3ed48,Ok,5,0,1.6.0,2022-10-24 08:34:30,ok,2022-10,neutral,0.45445236563682556,neutral,0.0
4109459f-4140-479a-b1a6-25dac0733390,Ayaw ma open Ng app panu magamit voucher ma xpired nalang Ng Di gingamit dahil ayw ma open Ng apps,1,0,1.6.1,2022-10-24 07:46:16,ayaw ma open ng app panu magamit voucher ma xpired nalang ng di gingamit dahil ayw ma open ng apps,2022-10,negative,0.7365335822105408,negative,-0.7365335822105408
121489dd-82b8-48ce-a48e-879d82c9c60d,Oke oke,5,0,1.6.0,2022-10-23 22:21:42,oke oke,2022-10,positive,0.4782145321369171,positive,0.4782145321369171
22b2aeb0-c2eb-4af7-a220-bfe6a60aefb1,Thanks limitless,5,0,1.6.0,2022-10-23 13:20:38,thanks limitless,2022-10,positive,0.5518509745597839,positive,0.5518509745597839
a4e8d807-e43c-4868-bbee-d1e19e491ff6,Good,4,0,1.6.0,2022-10-23 00:28:44,good,2022-10,positive,0.4903799295425415,positive,0.4903799295425415
b9e2f513-6333-46b5-a9b5-87a977a22157,"Maganda Yung timbang Ng gasul sulit ,pero Yung store saan makakabili susko pahirapan at karamihan ayaw magdeliver. Tapos Yung apps nyo napakahirap pakisamahan laging log 😩😩😩",1,0,,2022-10-21 01:46:33,maganda yung timbang ng gasul sulit pero yung store saan makakabili susko pahirapan at karamihan ayaw magdeliver tapos yung apps nyo napakahirap pakisamahan laging log ,2022-10,negative,0.8942418098449707,negative,-0.8942418098449707
fb0988ea-1a9f-45d3-8208-d811668246f1,I cant open the apps. Why?,1,0,1.6.0,2022-10-16 14:34:49,i cant open the apps why,2022-10,negative,0.8710694909095764,negative,-0.8710694909095764
d3d81a1d-57fa-480f-bc58-ca9db7fdaa85,Closed account ? So whats next? I cannot register with my phone number already exist. Cannot login because closed account. So no other solution??????,1,1,1.6.0,2022-10-10 13:09:21,closed account  so whats next i cannot register with my phone number already exist cannot login because closed account so no other solution,2022-10,negative,0.8311170935630798,negative,-0.8311170935630798
7662c36d-2eba-46be-9db3-9b89d9e29460,No verification code to my email address badly need it right now pls send me a verification code,1,0,1.6.0,2022-10-06 03:53:40,no verification code to my email address badly need it right now pls send me a verification code,2022-10,negative,0.6341221928596497,negative,-0.6341221928596497
aecbec97-58e4-4f7b-a5f4-45339c4145a8,Excellent,5,0,1.6.0,2022-10-05 00:20:45,excellent,2022-10,positive,0.5348658561706543,positive,0.5348658561706543
16eef298-ec17-4bb5-af75-5e9f5c5cc535,Good,5,0,,2022-10-03 14:16:24,good,2022-10,positive,0.4903799295425415,positive,0.4903799295425415
98360169-56fd-45a7-b4a2-5736f8c9cc19,Ok,5,0,1.5.9,2022-09-22 07:41:47,ok,2022-09,neutral,0.45445236563682556,neutral,0.0
8d704722-62ef-4e12-9301-979f79fe9a4e,🎂,4,0,1.5.9,2022-09-22 07:28:55,,2022-09,neutral,0.49848052859306335,neutral,0.0
f9a29f11-d9ea-4b1a-a3be-62d49e61431f,I BOUGHT A LUBRICANT VOUCHER INSTEAD OF A FUEL VOUCHER CAUSE THEY HAVE THE SAME DESIGN AND COLOR. AND ALSO THERE'S NO REFUND. I'D LIKE TO SWITCH TO PETRON INSTEAD!!!,1,0,1.5.9,2022-09-22 04:43:44,i bought a lubricant voucher instead of a fuel voucher cause they have the same design and color and also theres no refund id like to switch to petron instead,2022-09,negative,0.44662803411483765,negative,-0.44662803411483765
2a809df1-2142-4527-95f2-ffae3e43d6da,Not user friendly when i forgot my password my new password can not login i try several times. Pure responsive of apps theres an error..,1,0,,2022-09-20 15:19:08,not user friendly when i forgot my password my new password can not login i try several times pure responsive of apps theres an error,2022-09,negative,0.922629177570343,negative,-0.922629177570343
7f84979c-8b84-4698-9ea3-33ef9bfc6669,Great 👍 👌,5,0,1.5.9,2022-09-20 04:23:57,great  ,2022-09,positive,0.7865727543830872,positive,0.7865727543830872
3489a88e-84f7-4bb6-be26-6bad67cb2d33,Good,5,0,1.5.9,2022-09-20 03:31:29,good,2022-09,positive,0.4903799295425415,positive,0.4903799295425415
2f8b78eb-ce08-42b4-ad62-97e473e8f6f6,Ok mamn,3,0,,2022-09-19 19:27:02,ok mamn,2022-09,neutral,0.42108720541000366,neutral,0.0
663537ed-6c88-4af1-8abf-62c208615556,Tangina Hindi nagana,1,0,,2022-09-19 16:39:02,tangina hindi nagana,2022-09,negative,0.8693417310714722,negative,-0.8693417310714722
21605adf-b75c-482d-8c41-e2335a450455,More savings,5,0,1.5.9,2022-09-19 16:24:58,more savings,2022-09,neutral,0.5041637420654297,neutral,0.0
731ccee2-4e04-477a-95df-6e21d09b4774,Ok,5,0,1.5.9,2022-09-19 08:31:37,ok,2022-09,neutral,0.45445236563682556,neutral,0.0
9f04d026-6433-43a5-96cf-3f39a1bae0d2,Ok how to use evouchers,5,0,,2022-09-19 07:23:19,ok how to use evouchers,2022-09,neutral,0.7553178668022156,neutral,0.0
6f462ae3-b935-4cb1-bfc6-b191d9e816ec,ok,5,0,1.5.9,2022-09-12 06:54:08,ok,2022-09,neutral,0.42623865604400635,neutral,0.0
602dc297-6f11-46fe-8cdc-14c8688a0019,Yes I'm yours driver,5,0,,2022-09-10 12:13:13,yes im yours driver,2022-09,neutral,0.7086870074272156,neutral,0.0
dca49192-78ee-49a5-b743-6fa6bd2b6860,Not install my new device,1,0,1.5.9,2022-09-09 03:27:04,not install my new device,2022-09,negative,0.547071635723114,negative,-0.547071635723114
6f84bd0c-65b8-41b9-82f6-efd5bc262261,Good,5,0,1.5.9,2022-09-07 02:19:00,good,2022-09,positive,0.4903799295425415,positive,0.4903799295425415
8731599d-99a3-4d03-b049-9b6e6a29417e,Thank you,5,0,1.5.9,2022-09-03 01:37:38,thank you,2022-09,positive,0.8006350994110107,positive,0.8006350994110107
42f92f5e-b689-470d-8c03-0ad1dfc591c6,Good,5,0,,2022-09-02 23:24:27,good,2022-09,positive,0.4903799295425415,positive,0.4903799295425415
bf20a28e-0490-4863-b481-781993863564,I cannot log in,1,0,,2022-09-02 08:24:04,i cannot log in,2022-09,negative,0.8078207969665527,negative,-0.8078207969665527
0e614a93-4f9b-466e-b3d2-b7ce1520f421,"Scammers calling me after I signed up, few hours after signing up scammers calling my number and asking my bank account number pretending they are from my Bank. They are asking for the OTP number sent to my number and pretending it was for reference number for the free voucher. Please beware of this scam.",1,2,1.5.9,2022-08-31 09:08:36,scammers calling me after i signed up few hours after signing up scammers calling my number and asking my bank account number pretending they are from my bank they are asking for the otp number sent to my number and pretending it was for reference number for the free voucher please beware of this scam,2022-08,negative,0.8836920857429504,negative,-0.8836920857429504
22c2380f-d963-4f95-9f89-7eacba695116,Limitless app pero may monthly limit on the points you can earn 😅,1,0,1.5.9,2022-08-24 08:30:00,limitless app pero may monthly limit on the points you can earn ,2022-08,neutral,0.7282513380050659,neutral,0.0
a4361fd1-5fa1-4960-911f-dad884b356fd,Bakit yung branch nyo dito sa tinajeros malabon ilang blmonths ng walang limitless kaya sa iba na ko nagpapakarga ng gasolina sayang lang limitless ko dito halos every 3 days gastos ko sa gasolina pero wala daw silang limitless doon.,1,0,1.5.9,2022-08-18 02:46:40,bakit yung branch nyo dito sa tinajeros malabon ilang blmonths ng walang limitless kaya sa iba na ko nagpapakarga ng gasolina sayang lang limitless ko dito halos every  days gastos ko sa gasolina pero wala daw silang limitless doon,2022-08,negative,0.8359128832817078,negative,-0.8359128832817078
66b92e1e-e46c-4fda-a393-b2f40235be37,"A promo e- voucher sale, but no e-voucher available.",1,0,1.5.9,2022-08-15 10:34:42,a promo e voucher sale but no evoucher available,2022-08,neutral,0.7458931803703308,neutral,0.0
79b9c9dc-d753-4d9b-ae28-58ad44285e71,OK,5,0,1.5.8,2022-07-29 20:53:24,ok,2022-07,neutral,0.4918902516365051,neutral,0.0
3247667e-3698-428d-a822-038c07c1ae32,Very good apps very helpful,5,0,,2022-07-28 13:09:23,very good apps very helpful,2022-07,positive,0.8416793942451477,positive,0.8416793942451477
5d94bac1-9df4-43e1-b615-ecee3cd128ed,Verry good thank you so much,5,0,1.5.8,2022-07-28 07:34:23,verry good thank you so much,2022-07,positive,0.9104888439178467,positive,0.9104888439178467
afb26935-085d-4444-b4c2-0d506f475c5a,Nice,5,0,1.5.7,2022-07-28 07:12:18,nice,2022-07,positive,0.47395825386047363,positive,0.47395825386047363
016e2b6f-1a4c-4eef-b208-a8d94038faa1,i dnt dowload the apps,5,0,,2022-07-06 03:58:49,i dnt dowload the apps,2022-07,negative,0.47071346640586853,negative,-0.47071346640586853
2cf5e3bc-9ebf-41ea-ab62-146115eafaa5,Ok,5,0,1.5.7,2022-07-05 05:11:25,ok,2022-07,neutral,0.45445236563682556,neutral,0.0
0015f128-b098-4c55-a68c-21b80026435a,Vouchers are real!!! Thanks limitless!,5,0,1.5.7,2022-06-30 05:08:52,vouchers are real thanks limitless,2022-06,positive,0.9157893061637878,positive,0.9157893061637878
ccdcd7de-6c52-4dcc-b1a0-faeea187d0c5,Cant verify my email no email for a days,1,0,1.5.7,2022-06-30 03:30:54,cant verify my email no email for a days,2022-06,negative,0.8150600790977478,negative,-0.8150600790977478
53ecbad8-7ddf-48e7-afa1-ac966c80f171,Very nice,5,0,1.5.7,2022-06-27 08:25:38,very nice,2022-06,positive,0.7373610138893127,positive,0.7373610138893127
623532e5-32dd-4a5b-aba4-5d33394ed1c7,"Useless app. Home delivery function is a pain to use. It'll direct you to a browser where you have to enter your address, which the app already has, why ask me to re-enter? When you do, you can't move the pin around to your specific location. What a waste of time.",1,2,,2022-06-25 10:06:37,useless app home delivery function is a pain to use itll direct you to a browser where you have to enter your address which the app already has why ask me to reenter when you do you cant move the pin around to your specific location what a waste of time,2022-06,negative,0.9537147879600525,negative,-0.9537147879600525
2a773c64-3e42-4afe-998d-d9ef97c49622,per driver he didnt get his tip how come?,5,0,1.5.5,2022-06-24 11:36:33,per driver he didnt get his tip how come,2022-06,negative,0.7300395965576172,negative,-0.7300395965576172
9436ece0-c435-45b2-b3cb-e5dcfd437ba0,Otp not receiving,1,0,1.5.7,2022-06-18 22:31:04,otp not receiving,2022-06,neutral,0.5782198905944824,neutral,0.0
1a15f1fb-5ef9-49a1-897b-a9a850422d8f,"Always use this to buy discounted vouchers. Good app to save money 👍 Beware tho, freedom sale sells out fast, was only able to get 1 this year 😢",5,10,1.5.7,2022-06-18 02:25:17,always use this to buy discounted vouchers good app to save money  beware tho freedom sale sells out fast was only able to get  this year ,2022-06,negative,0.4014287292957306,negative,-0.4014287292957306
3b89fab5-e260-49a5-a64f-ac16423052fe,Salamat sa 14ltr,5,0,1.5.6,2022-06-18 01:18:46,salamat sa ltr,2022-06,positive,0.7588244080543518,positive,0.7588244080543518
97ff76d6-0b82-433a-a75f-525e011287f9,I have to redeem my voucher from grab but I can't register an account on this app.. please I need help,1,0,1.5.7,2022-06-17 13:27:43,i have to redeem my voucher from grab but i cant register an account on this app please i need help,2022-06,negative,0.7459594011306763,negative,-0.7459594011306763
a96367a6-6977-4841-9274-0b2e5dcb2c9d,ang pangit ng app..yousless 😅,1,0,,2022-06-17 10:44:24,ang pangit ng appyousless ,2022-06,negative,0.9471769332885742,negative,-0.9471769332885742
e4681f29-1d80-4565-9f5d-8cd4f0be65c6,Very helpful and a lot of exciting promos,5,0,1.5.7,2022-06-17 06:53:09,very helpful and a lot of exciting promos,2022-06,positive,0.9178520441055298,positive,0.9178520441055298
6681ae22-ba8f-4761-ac4e-b43f413521c6,"I can't use it because it's not giving me a Gmail verification code, I did everything but it's not sending a code",1,1,1.5.7,2022-06-16 03:25:37,i cant use it because its not giving me a gmail verification code i did everything but its not sending a code,2022-06,negative,0.8352248072624207,negative,-0.8352248072624207
7aa9178a-d86d-49d3-a0a7-64ca29c40712,"Simply one Word, ""Useless"" (fix it or else, just shut it down)",1,0,1.5.7,2022-06-16 02:37:38,simply one word useless fix it or else just shut it down,2022-06,negative,0.834308922290802,negative,-0.834308922290802
c073cabe-07f8-4310-8767-32431a58e5ae,Very useful app in availing vouchers for my LPG purchase. It is just a few clicks away! Thank you Limitless.,5,8,1.5.7,2022-06-15 00:46:32,very useful app in availing vouchers for my lpg purchase it is just a few clicks away thank you limitless,2022-06,positive,0.8346180319786072,positive,0.8346180319786072
9e6bc359-73d6-4420-88fd-58ecf51b28a1,Bakit wala naman nag send sa Otp,1,0,1.5.7,2022-06-14 05:52:56,bakit wala naman nag send sa otp,2022-06,negative,0.714262843132019,negative,-0.714262843132019
187f53b7-131b-4e94-8142-4d3d734a955c,When i tried to log in it says update for the latest version but once i click on the update now button nothing happens. Its very frustrating,1,1,1.5.6,2022-06-14 03:00:49,when i tried to log in it says update for the latest version but once i click on the update now button nothing happens its very frustrating,2022-06,negative,0.9078894257545471,negative,-0.9078894257545471
a313e515-5417-402c-b8ee-e60186465a80,Too many bugs,1,0,1.5.7,2022-06-13 01:23:03,too many bugs,2022-06,negative,0.9263371229171753,negative,-0.9263371229171753
054dd7bc-233e-48b6-b628-33ccb25e79f4,Ayan na 5👎👎👎👎👎,1,0,1.5.7,2022-06-13 00:05:26,ayan na ,2022-06,negative,0.9356549382209778,negative,-0.9356549382209778
30a27005-e57f-4ea3-8cd1-6682b38c461a,SALE SCAM!!!,1,0,,2022-06-12 23:18:50,sale scam,2022-06,negative,0.9291545748710632,negative,-0.9291545748710632
bdd727b6-3755-4b52-acbd-7d3f1100bd92,SCAM PROMO! kaya pala palugi na phx!,1,0,,2022-06-12 14:40:11,scam promo kaya pala palugi na phx,2022-06,negative,0.9157180190086365,negative,-0.9157180190086365
dba29695-1181-4985-9474-5a13832f4da0,Scam limited not limitless,1,0,1.5.7,2022-06-12 14:22:31,scam limited not limitless,2022-06,negative,0.87702476978302,negative,-0.87702476978302
7461ec11-711b-43c0-8ee8-e198c1b347de,Scammers!!!,1,0,1.5.7,2022-06-12 14:22:17,scammers,2022-06,negative,0.9262691140174866,negative,-0.9262691140174866
ef59463b-e312-489e-8c47-d03265c3c08d,Legit,5,0,1.5.7,2022-06-12 14:18:42,legit,2022-06,neutral,0.4290766417980194,neutral,0.0
c2b05da0-6615-4f0e-988b-190b4ab5c422,"Thank for all the vouchers!! not a scam, all you need to do is follow the steps and tips. Thank you limitless",5,8,1.5.7,2022-06-12 14:17:38,thank for all the vouchers not a scam all you need to do is follow the steps and tips thank you limitless,2022-06,positive,0.7827008962631226,positive,0.7827008962631226
a0441039-95dc-4636-8115-0309a226d706,🤡,1,0,1.5.7,2022-06-12 13:39:42,,2022-06,negative,0.45020854473114014,negative,-0.45020854473114014
e9bfb977-4509-4398-ac0b-32e6c4595420,It's disappointing that the app cannot even accommodate the number of users waiting to buy the vouchers. It's too slow!!,2,5,1.5.7,2022-06-12 13:11:22,its disappointing that the app cannot even accommodate the number of users waiting to buy the vouchers its too slow,2022-06,negative,0.9558733701705933,negative,-0.9558733701705933
dc30a82f-1929-4720-853e-00404d686ca7,wag kayo magpapapromo kung hindi kaya ng system nyo jusko limitless pero babaw ng limit,1,0,1.5.7,2022-06-12 13:04:43,wag kayo magpapapromo kung hindi kaya ng system nyo jusko limitless pero babaw ng limit,2022-06,negative,0.8930608630180359,negative,-0.8930608630180359
5247af78-b6fc-4eb5-b410-1b358f06221b,Thank you sa pa promo nakabili ako,5,1,1.5.7,2022-06-12 13:04:21,thank you sa pa promo nakabili ako,2022-06,positive,0.824928879737854,positive,0.824928879737854
bbfeff98-7d47-49df-8d2e-f134a4fe7d80,Scam,1,1,1.5.7,2022-06-12 12:45:01,scam,2022-06,negative,0.8872029781341553,negative,-0.8872029781341553
2c92cffc-1aaf-4c7d-997e-bf15fde4c7e9,Greatest scam kpag may pa big event or discount.,1,1,1.5.7,2022-06-12 12:43:09,greatest scam kpag may pa big event or discount,2022-06,positive,0.6874439716339111,positive,0.6874439716339111
a49fabee-330a-40d2-a673-8283a8fb6d12,"Bad bad promo, waitwd for a day. app is laggy. did not foresee the bulk orders",1,1,1.5.7,2022-06-12 12:33:22,bad bad promo waitwd for a day app is laggy did not foresee the bulk orders,2022-06,negative,0.9434136748313904,negative,-0.9434136748313904
1c1aa5ad-44e1-4b91-8ac6-26a60a347dbe,SCAM PROMO IS SCAM UPON CHECKING OUT IT SAYS NO VOUCHER THE GAS PROMO IS SCAM,1,1,1.5.7,2022-06-12 12:28:40,scam promo is scam upon checking out it says no voucher the gas promo is scam,2022-06,negative,0.9329962134361267,negative,-0.9329962134361267
659fbeba-7cab-4ea3-909a-79af0cfaf059,scammer events,1,1,1.5.7,2022-06-12 12:27:04,scammer events,2022-06,negative,0.5157905220985413,negative,-0.5157905220985413
3d2be7e0-309b-4198-8e9c-42a789337a1c,disappointed in June12 sale,1,1,1.5.7,2022-06-12 12:26:19,disappointed in june sale,2022-06,negative,0.8816145062446594,negative,-0.8816145062446594
b0ac81b2-8f94-4e2a-93be-7cbf45e3e27b,"Never been so frustrated with this app! Tried to log in for their flash sale 30 mins before the start but waiting was already full. Tried and tried for about an hour without success, and eventually ended just like that. Just a mere scam to their users",1,24,1.5.7,2022-06-12 12:17:51,never been so frustrated with this app tried to log in for their flash sale  mins before the start but waiting was already full tried and tried for about an hour without success and eventually ended just like that just a mere scam to their users,2022-06,negative,0.9459770917892456,negative,-0.9459770917892456
cb033727-9df1-42fa-947c-e404419c260b,scam freedom sale,1,1,1.5.7,2022-06-12 12:16:42,scam freedom sale,2022-06,negative,0.5692614912986755,negative,-0.5692614912986755
bc609c04-67f1-4410-8b9b-135009bccd88,Useless apps scam,1,1,1.5.7,2022-06-12 12:16:24,useless apps scam,2022-06,negative,0.8934171199798584,negative,-0.8934171199798584
2613c2bf-3c47-416e-9262-969ea909a7cf,Bulok pa asa may pa event event pa kayu kuno 🤣🤣🤣 limitless daw ...limited naman umay delete nyuna app nato sayang lang oras dto haha,1,1,1.5.7,2022-06-12 12:14:58,bulok pa asa may pa event event pa kayu kuno  limitless daw limited naman umay delete nyuna app nato sayang lang oras dto haha,2022-06,negative,0.6678314208984375,negative,-0.6678314208984375
7ff0483a-93f5-40b9-b596-fcfece802bd0,False advertisement. Scam during the freedom sale!!!,1,1,1.5.7,2022-06-12 12:13:37,false advertisement scam during the freedom sale,2022-06,negative,0.952085554599762,negative,-0.952085554599762
f6083be9-8e65-4702-a5da-1176f9c98791,Scam promotion.,1,1,1.5.7,2022-06-12 12:11:45,scam promotion,2022-06,negative,0.8829936385154724,negative,-0.8829936385154724
093113c4-6cd9-4d89-bc92-e5d98b498b60,Bogus,1,1,1.5.7,2022-06-12 12:07:53,bogus,2022-06,positive,0.3779193162918091,positive,0.3779193162918091
e6a2f769-b47b-4e2c-a99a-848d8b385bb3,BULOK,1,1,1.5.7,2022-06-12 12:05:57,bulok,2022-06,negative,0.4570903480052948,negative,-0.4570903480052948
1c8452f5-5076-4299-bb91-3ee21f0fc4bc,SUPER BAD EXPERIENCE ON INDEPENDENCE DAY! TRASH APP,1,1,,2022-06-12 12:04:26,super bad experience on independence day trash app,2022-06,negative,0.9588202238082886,negative,-0.9588202238082886
fb277cab-126a-4031-bdbe-67220fb148ab,Ang bagal,5,0,1.5.6,2022-06-12 11:59:41,ang bagal,2022-06,negative,0.789339005947113,negative,-0.789339005947113
fd8fc7c1-b7e2-4bc1-8c7b-bc9b47df9534,Cant receive the one time pin. waste of time,1,1,1.5.7,2022-06-12 11:59:17,cant receive the one time pin waste of time,2022-06,negative,0.9288718104362488,negative,-0.9288718104362488
de7cde59-985e-44cc-af01-5558592f27e1,"Limitless says that the overwhelming system traffic due to freedom sale is unforeseen issue, that's why a lot of users who want to log in and avail the sale can't log in. For real? This is your 2nd year of freedom sale sale and nothing happened? The same problem again? Is your team incompetent or you deliberately doing this. I bet this is just your marketing strategy, bogus, to go viral. You also really don't know if there are really real human who got the sale, if yes, can't verify though.",1,64,1.5.7,2022-06-12 11:54:27,limitless says that the overwhelming system traffic due to freedom sale is unforeseen issue thats why a lot of users who want to log in and avail the sale cant log in for real this is your nd year of freedom sale sale and nothing happened the same problem again is your team incompetent or you deliberately doing this i bet this is just your marketing strategy bogus to go viral you also really dont know if there are really real human who got the sale if yes cant verify though,2022-06,negative,0.8855119347572327,negative,-0.8855119347572327
f0b60b87-140c-4a3a-b526-fe8af724e8ec,The app freezes and the homepage takes almost forever to load.,1,1,1.5.7,2022-06-12 11:48:49,the app freezes and the homepage takes almost forever to load,2022-06,negative,0.7735181450843811,negative,-0.7735181450843811
0c02828f-8efc-46b2-b405-49023f3b6f9e,promo scams,1,1,1.5.7,2022-06-12 11:48:27,promo scams,2022-06,negative,0.5622053146362305,negative,-0.5622053146362305
2173c3de-4003-45cb-933c-235ba5e1234c,Freedom Sale Scam…!!!,1,1,1.5.7,2022-06-12 11:48:08,freedom sale scam,2022-06,negative,0.9419147372245789,negative,-0.9419147372245789
24ffd3d7-e0cb-4549-900a-3bf97362ea82,Misleading ang mga ads. 20 minutes before sale pero 7:20 na hindi pa din makapasok. Sila sila lang din atang mga staff ang nakabili ng voucher.,1,0,1.5.7,2022-06-12 11:47:32,misleading ang mga ads  minutes before sale pero  na hindi pa din makapasok sila sila lang din atang mga staff ang nakabili ng voucher,2022-06,negative,0.841902494430542,negative,-0.841902494430542
e8a5e77c-97e5-4589-9a71-0b5a75f9317b,Fake promos,1,0,1.5.7,2022-06-12 11:42:00,fake promos,2022-06,negative,0.6380926370620728,negative,-0.6380926370620728
4e9d9951-3141-4e0f-afe9-b352d2ed448c,SCAM lagi n lng,1,0,,2022-06-12 11:41:36,scam lagi n lng,2022-06,negative,0.8250948190689087,negative,-0.8250948190689087
ee855c7a-e0cd-40a4-8442-4bfb93d87410,Scam,1,0,1.5.7,2022-06-12 11:41:00,scam,2022-06,negative,0.8872029781341553,negative,-0.8872029781341553
c3cf2685-3f29-48d4-98f0-0ffc9c4d70a9,DONT DOWNLOAD THIS APP. FULL OF FALSE PROMOTION. NOTHING TRUE!!! SAVE YOURSELF...,1,0,,2022-06-12 11:40:24,dont download this app full of false promotion nothing true save yourself,2022-06,negative,0.9377745389938354,negative,-0.9377745389938354
261c04a1-fd72-4d8b-8399-8c024f34b332,Not a good app,1,0,1.5.7,2022-06-12 11:37:44,not a good app,2022-06,negative,0.9339126348495483,negative,-0.9339126348495483
168bcca6-3166-407f-9aee-145306c4111c,"Freedom Promo, it was was from 7 pm - 9pm 6:30pm waiting room was already full, I was in earlier but was logged out by the Limitless app, 25 mins later promo ended. There was really no chance of availing the sale",1,0,1.5.7,2022-06-12 11:37:44,freedom promo it was was from  pm  pm pm waiting room was already full i was in earlier but was logged out by the limitless app  mins later promo ended there was really no chance of availing the sale,2022-06,negative,0.4855470061302185,negative,-0.4855470061302185
336b7903-3f02-4d25-9912-bf5e1c34e5b6,Walang kwenta,1,0,1.5.7,2022-06-12 11:36:56,walang kwenta,2022-06,negative,0.8975920677185059,negative,-0.8975920677185059
655774e1-f636-457a-9d84-9af155bd9266,Paasa sa mga voucher promo,1,0,,2022-06-12 11:35:52,paasa sa mga voucher promo,2022-06,negative,0.7648543119430542,negative,-0.7648543119430542
d72a26f0-c837-4b47-a903-d26108921a3a,FAKE PROMO,1,0,1.5.7,2022-06-12 11:35:43,fake promo,2022-06,negative,0.7777042984962463,negative,-0.7777042984962463
cd2b363d-2172-4989-a7ac-eb8c4ac33e4c,So disappointed this app is trash pakyu,1,0,1.4.7,2022-06-12 11:34:46,so disappointed this app is trash pakyu,2022-06,negative,0.9640641212463379,negative,-0.9640641212463379
18f97e4d-a447-47a6-a5f7-48c8e2171b08,Scam event,1,0,1.5.7,2022-06-12 11:33:32,scam event,2022-06,negative,0.875338077545166,negative,-0.875338077545166
b9082faa-c47f-4f31-abd1-3f112a39bfcb,flash sale from 7 to 9pm but it ended right away. uninstalling 👎,1,0,,2022-06-12 11:32:46,flash sale from  to pm but it ended right away uninstalling ,2022-06,negative,0.8590141534805298,negative,-0.8590141534805298
463b78dd-c0e1-4fb2-860a-bacfbab95cdc,Fake promo on Independence Day. Boo!,1,0,1.5.7,2022-06-12 11:31:34,fake promo on independence day boo,2022-06,negative,0.9127899408340454,negative,-0.9127899408340454
dedd2ee7-587a-4721-b160-ba3be51401d2,"Stupid app! Scam Sale, False Ad!!!",1,0,1.5.7,2022-06-12 11:31:17,stupid app scam sale false ad,2022-06,negative,0.950569748878479,negative,-0.950569748878479
4e75fe9e-162f-44db-968d-ea4e4c1e593a,Bogus promotional app as always,1,0,,2022-06-12 11:30:52,bogus promotional app as always,2022-06,negative,0.49520766735076904,negative,-0.49520766735076904
ff9fd051-f4f7-43a8-9080-047f199c00fd,Nag flash sale pa kayu. 7pm daw. 6:53 nag open nako app puno na. 7:28 tapos na. Lokohan pala e. Better convert to other brand. Paasa lang kayu phoenix!,1,0,1.5.7,2022-06-12 11:29:27,nag flash sale pa kayu pm daw  nag open nako app puno na  tapos na lokohan pala e better convert to other brand paasa lang kayu phoenix,2022-06,negative,0.8043800592422485,negative,-0.8043800592422485
f848efd1-320b-454b-9185-d0cc77f86f86,The promotion was scam,1,0,1.5.7,2022-06-12 11:29:04,the promotion was scam,2022-06,negative,0.9010634422302246,negative,-0.9010634422302246
4ddc8567-4e00-403e-a82d-d3216e05bb5b,"Freedom sale didn't work at all, no one can enter their apps freedom sale. Marketing Strategy that makes them worst.",1,0,1.5.7,2022-06-12 11:22:38,freedom sale didnt work at all no one can enter their apps freedom sale marketing strategy that makes them worst,2022-06,negative,0.939053475856781,negative,-0.939053475856781
8a7a42f6-cef0-40dc-8b27-c4bed22b675a,Scam hahaha,1,0,1.5.7,2022-06-12 11:21:57,scam hahaha,2022-06,negative,0.4647001028060913,negative,-0.4647001028060913
74a8b0a5-0bd9-4f81-a81e-199cc5f6f6cb,This app is a scam,1,0,1.5.7,2022-06-12 11:21:10,this app is a scam,2022-06,negative,0.9276326298713684,negative,-0.9276326298713684
a9ee2996-6995-4f45-93d3-9f15e45556da,scamm,1,0,1.5.7,2022-06-12 11:18:23,scamm,2022-06,neutral,0.39875367283821106,neutral,0.0
bf528f20-83e8-436f-978f-5d41d3a0108b,Scam,1,0,1.5.7,2022-06-12 11:17:45,scam,2022-06,negative,0.8872029781341553,negative,-0.8872029781341553
ecaf7c2b-d268-42d1-85f8-98d6fab576f1,Room is full. Kanina pa ako 6:30 pm. Scam para madownload lang.,1,0,1.5.7,2022-06-12 11:14:05,room is full kanina pa ako  pm scam para madownload lang,2022-06,negative,0.7163786888122559,negative,-0.7163786888122559
9b49b9b2-fcd9-419d-9ffb-cf132cf14f90,Papromo nyo freedom vouchers grabe pudpud na kakapindot 30minutes d pa rin makapasok sa waiting room haha Very bad experience rin sa phoenix dasma near all home outlet. Dagdagan nyo staff nyo para d naman affected ang attitude nila,1,0,1.5.7,2022-06-12 11:12:57,papromo nyo freedom vouchers grabe pudpud na kakapindot minutes d pa rin makapasok sa waiting room haha very bad experience rin sa phoenix dasma near all home outlet dagdagan nyo staff nyo para d naman affected ang attitude nila,2022-06,negative,0.8997553586959839,negative,-0.8997553586959839
68931110-6f6c-4162-b142-a046687d7297,Scam,1,0,,2022-06-12 11:06:49,scam,2022-06,negative,0.8872029781341553,negative,-0.8872029781341553
080e4c4b-02f2-4ea4-8df7-28fc03e6b010,corny ng app,1,0,1.5.7,2022-06-12 11:02:24,corny ng app,2022-06,negative,0.912908136844635,negative,-0.912908136844635
1096f315-66d3-4469-bb00-09ff99749876,Can't register error occurred!,1,1,,2022-06-12 10:06:39,cant register error occurred,2022-06,negative,0.8118806481361389,negative,-0.8118806481361389
6a7ea5d8-1017-4d81-b00d-f834be06ae96,very usefull,5,0,1.5.7,2022-06-12 09:13:11,very usefull,2022-06,positive,0.5932981967926025,positive,0.5932981967926025
c6e410d2-63a6-4e42-b151-b5386582b3e2,G🤣🙃d,4,0,1.5.5,2022-06-12 06:59:13,gd,2022-06,neutral,0.3861106038093567,neutral,0.0
50d52f20-63d5-4c06-a72c-46f403d6aefa,Good malaking bagay ito limitless sana tuloy tuloy lang limitless,5,0,1.5.7,2022-06-12 04:51:14,good malaking bagay ito limitless sana tuloy tuloy lang limitless,2022-06,positive,0.8006467223167419,positive,0.8006467223167419
ec83196b-8ac1-4acc-b8f4-1e877a84db2f,Great,5,0,1.5.6,2022-06-12 03:17:13,great,2022-06,positive,0.7110204696655273,positive,0.7110204696655273
12d4eb32-8dab-4082-9b6a-3c55633d31a3,Ok na ok.,5,0,1.5.6,2022-06-09 16:02:53,ok na ok,2022-06,positive,0.40360313653945923,positive,0.40360313653945923
744dac31-8b7a-43ea-b10a-3556a7514d2d,"much useful apps'!,...🙏✌️👍",5,0,1.4.1,2022-06-09 12:00:37,much useful apps,2022-06,positive,0.8651633262634277,positive,0.8651633262634277
acd3a2ae-daed-4fc9-bfbd-b8985cc5660e,"10000 Audience interests DEMOgraphics,interests or behaveior Audience details location unites states age 18-65Region Location- United States‘ Edit Location Age 18-65 years old Gender All Men Women Audience interests Edit characteristic DEMOGRAPHICS,interests or behavior Audience interests Difine your audience by adding behaviors- About detailed targiting",5,0,1.5.7,2022-06-07 06:31:47, audience interests demographicsinterests or behaveior audience details location unites states age region location united states edit location age  years old gender all men women audience interests edit characteristic demographicsinterests or behavior audience interests difine your audience by adding behaviors about detailed targiting,2022-06,neutral,0.7535026669502258,neutral,0.0
6dee6f2b-8b64-4a6b-9b56-75af73188c40,Good,5,0,1.5.6,2022-06-06 23:16:15,good,2022-06,positive,0.4903799295425415,positive,0.4903799295425415
0de5322a-1243-4e17-a812-9d74665ea4a4,Ang bagal mag loading ng apps kahit stable connection.,1,0,1.5.6,2022-05-23 13:57:22,ang bagal mag loading ng apps kahit stable connection,2022-05,negative,0.8326613306999207,negative,-0.8326613306999207
44340451-f8d5-4924-ba98-a3126f83431e,"Fix the bug please, ayaw lumabas ng keyboard hindi makapag type number",1,0,1.5.6,2022-05-19 01:43:16,fix the bug please ayaw lumabas ng keyboard hindi makapag type number,2022-05,negative,0.8489388227462769,negative,-0.8489388227462769
1d1a4fba-4934-4325-b18c-2dd0b50b0d4f,I like there consistency.,5,0,,2022-05-14 02:42:19,i like there consistency,2022-05,positive,0.7927636504173279,positive,0.7927636504173279
dbea2ec8-35f5-416d-97a7-70b0beb43c93,Nice apps,5,0,1.5.5,2022-05-13 08:09:46,nice apps,2022-05,positive,0.7009302377700806,positive,0.7009302377700806
ba5a9e51-460d-4fa2-b6c0-756bf267ecd9,Helpfulness malaking bagay po thanks grab,5,0,1.5.6,2022-05-11 02:23:18,helpfulness malaking bagay po thanks grab,2022-05,positive,0.8845348358154297,positive,0.8845348358154297
f9fe289d-faca-4b26-abf0-39143408d378,Not good in use,2,0,1.5.6,2022-05-10 14:55:26,not good in use,2022-05,negative,0.9308757185935974,negative,-0.9308757185935974
bffc30a7-3ab6-4c84-8b8c-83f6b289b32f,Good,5,0,1.5.6,2022-05-10 10:03:49,good,2022-05,positive,0.4903799295425415,positive,0.4903799295425415
15a0e5f8-353a-43ac-a943-08f92fd76de3,Would have given 5-stars but current choices to redeem for quite limited. Major tweaks to app needed.,3,6,1.5.6,2022-05-05 23:28:17,would have given stars but current choices to redeem for quite limited major tweaks to app needed,2022-05,negative,0.7104133367538452,negative,-0.7104133367538452
4e781a66-9bec-4d74-8efa-b3938c026e6a,"The app name is ""LIMITLESS"" but there is a limit in points you can gain by buying gasoline... stupid developers...this is philippines...its better to be ""LIMITNESS"" 🤣",1,0,1.5.5,2022-05-05 09:45:05,the app name is limitless but there is a limit in points you can gain by buying gasoline stupid developersthis is philippinesits better to be limitness ,2022-05,negative,0.8904827237129211,negative,-0.8904827237129211
a95c4767-b589-465b-9c50-5a3e78f029ee,Excellent,5,0,1.5.5,2022-05-04 12:12:51,excellent,2022-05,positive,0.5348658561706543,positive,0.5348658561706543
2c46740e-04cf-4c55-8a9e-813e0fbbea84,Can't open my apps,1,0,1.5.5,2022-05-02 09:55:10,cant open my apps,2022-05,negative,0.8113684058189392,negative,-0.8113684058189392
69caf8c5-f572-4341-80ed-b1902c7a2336,No change number and change email add,1,0,,2022-04-30 21:26:54,no change number and change email add,2022-04,neutral,0.7881101369857788,neutral,0.0
aee660c7-4df3-43cc-acc6-6a7a8cf82430,Ok,5,0,1.5.5,2022-04-29 23:15:48,ok,2022-04,neutral,0.45445236563682556,neutral,0.0
ebc7347c-f57f-42e2-afd4-362442f304f1,💯👌,5,0,1.5.5,2022-04-29 00:33:27,,2022-04,positive,0.4570657014846802,positive,0.4570657014846802
c6850634-73e3-4f54-9e02-58c63a12e0b0,"Very bad experience using this app for ordering phoenix gas. There is no product list shown for me to choose so i cant proceed with my order. Tried it on two of my phones same results. The customer service does not answer my call, I've been waiting for 10 minutes. No answer, they're just playing the stupid song. I called at 11 afternoon. So it's not their lunchbreak but no answer this is so bad i do not recommend this",1,20,1.5.5,2022-04-24 03:02:50,very bad experience using this app for ordering phoenix gas there is no product list shown for me to choose so i cant proceed with my order tried it on two of my phones same results the customer service does not answer my call ive been waiting for  minutes no answer theyre just playing the stupid song i called at  afternoon so its not their lunchbreak but no answer this is so bad i do not recommend this,2022-04,negative,0.9344984889030457,negative,-0.9344984889030457
9361e6d4-08fa-4459-a192-01b7e27028db,games are not available,3,0,1.5.5,2022-04-22 06:26:52,games are not available,2022-04,negative,0.6070438027381897,negative,-0.6070438027381897
d4cd03ba-cae0-4af6-a170-e1ad36823ae9,Good,5,0,,2022-04-22 02:28:56,good,2022-04,positive,0.4903799295425415,positive,0.4903799295425415
21f518e7-3364-4e15-b5cc-09b561cfa560,Useless yung app! Parating cancelled orders ko ng lpg kasi yung hub nla wlang mga riders at di makakapag deliver on time need pa mag wait ng rider kung kelan available. I thought hassle free na pag sa app mag order or pa deliver ng lpg nakaka stress lang pala! Sana mabigyan ng pansin mga concerns nmin. What's the use of the app kung di nman pala makapag deliver. Haysss so dissapointing. Di lang ngayun nang yari to pangalawang order ko na to same reason no rider or no delivery sa lugar nmin.,1,0,1.5.5,2022-04-21 03:04:50,useless yung app parating cancelled orders ko ng lpg kasi yung hub nla wlang mga riders at di makakapag deliver on time need pa mag wait ng rider kung kelan available i thought hassle free na pag sa app mag order or pa deliver ng lpg nakaka stress lang pala sana mabigyan ng pansin mga concerns nmin whats the use of the app kung di nman pala makapag deliver haysss so dissapointing di lang ngayun nang yari to pangalawang order ko na to same reason no rider or no delivery sa lugar nmin,2022-04,negative,0.8849473595619202,negative,-0.8849473595619202
1e1c14f6-2ced-4010-b679-fff99b595036,Walang kuwenta used less,1,0,1.5.1,2022-04-06 01:17:52,walang kuwenta used less,2022-04,negative,0.4324856400489807,negative,-0.4324856400489807
a692c403-3f60-43b6-9421-a74c9bc6f29f,Nice,5,0,1.5.3,2022-03-22 21:32:01,nice,2022-03,positive,0.47395825386047363,positive,0.47395825386047363
09a0784d-ad45-4fe7-bc73-7cfa9203c7da,Ok,5,0,1.5.3,2022-03-22 17:56:35,ok,2022-03,neutral,0.45445236563682556,neutral,0.0
9482fb67-e37a-4d9d-ab77-c1e412ff9b94,Nice,5,0,1.5.3,2022-03-22 14:15:48,nice,2022-03,positive,0.47395825386047363,positive,0.47395825386047363
2f540895-24e3-42bb-9190-2217ca3c1052,Useless,1,0,1.5.3,2022-03-22 12:59:30,useless,2022-03,negative,0.7356345653533936,negative,-0.7356345653533936
93b9a033-2845-4be9-8df5-b397696aa0a2,"I have an issue with paying through Gcash method, the keyboard won't popup, my unit is Samsung S10, Android 12 UI 4.0. I hope they fix this. Thanks,",3,12,1.5.3,2022-03-18 12:16:36,i have an issue with paying through gcash method the keyboard wont popup my unit is samsung s android  ui  i hope they fix this thanks,2022-03,negative,0.7984815239906311,negative,-0.7984815239906311
f8e075c4-0813-4478-b77b-3eba54bd150b,Thank you po,5,0,1.5.1,2022-03-18 02:52:01,thank you po,2022-03,positive,0.8108802437782288,positive,0.8108802437782288
d51cc1ed-26e1-41f2-a4d5-1f3017a9ab09,"LIMITLESS name ng app tapos ganto. Sayang points na hindi nakapasok. 47k bill ko sa Phoenix diesel tapos ganto. Please be advised that you have reached your daily allowable limit to earn points. On your next transaction, no points will be earned until the next day. Thank you!",1,0,1.5.3,2022-03-12 00:32:29,limitless name ng app tapos ganto sayang points na hindi nakapasok k bill ko sa phoenix diesel tapos ganto please be advised that you have reached your daily allowable limit to earn points on your next transaction no points will be earned until the next day thank you,2022-03,negative,0.7873525023460388,negative,-0.7873525023460388
32d37147-6306-4ba3-9062-3221d34464ed,Verygood,5,0,1.5.3,2022-03-08 10:25:31,verygood,2022-03,positive,0.6881915330886841,positive,0.6881915330886841
f3ea0530-9bc8-4e3c-a04a-e62cb2d4b717,Goof,5,0,1.5.3,2022-03-07 12:50:15,goof,2022-03,negative,0.5816124677658081,negative,-0.5816124677658081
ac1fd74f-f65d-44e4-b9d8-516297078b5b,Nice app.,4,0,1.5.2,2022-03-05 00:39:35,nice app,2022-03,positive,0.8159613609313965,positive,0.8159613609313965
de76c6ce-47b7-4d7e-ba42-d98d2860036c,The best,5,0,,2022-03-04 04:50:01,the best,2022-03,positive,0.7933427691459656,positive,0.7933427691459656
ec7079fb-c897-4743-b5c7-5d578ed9f6e6,Good,5,0,1.5.1,2022-03-03 09:20:15,good,2022-03,positive,0.4903799295425415,positive,0.4903799295425415
b3efe8e9-6efa-419d-914d-ff5c076646cd,"Can't log in and many times I've try to enter my desire code but it doesn't work , its useless and waste of time.😏😏😏",1,0,,2022-03-03 07:29:13,cant log in and many times ive try to enter my desire code but it doesnt work  its useless and waste of time,2022-03,negative,0.9364300966262817,negative,-0.9364300966262817
9b67b582-9415-478f-b201-eba296d43d28,hood apps very helpful,5,0,,2022-03-01 11:44:36,hood apps very helpful,2022-03,positive,0.7159025073051453,positive,0.7159025073051453
64e9083f-1b60-4d15-b999-273bd19598e2,not sure,5,0,1.5.3,2022-03-01 02:21:29,not sure,2022-03,neutral,0.5169776082038879,neutral,0.0
58661319-ce8b-46f8-b396-b332b5845f5d,Poor,1,0,1.5.3,2022-02-28 12:08:16,poor,2022-02,negative,0.8100277185440063,negative,-0.8100277185440063
9248a8ad-c363-400b-8f48-549dfd981a65,useless,1,0,1.5.3,2022-02-28 12:04:26,useless,2022-02,negative,0.7557401061058044,negative,-0.7557401061058044
32d876fb-b52a-4f7e-b087-e9cbf33433df,better than the card,5,0,1.5.2,2022-02-22 14:18:10,better than the card,2022-02,neutral,0.41689741611480713,neutral,0.0
62238f44-0adf-4245-bab9-6e071dd30eca,Bulok lage error,1,0,1.5.3,2022-02-21 12:45:22,bulok lage error,2022-02,negative,0.8709459900856018,negative,-0.8709459900856018
6c66ff1a-d538-443d-bcb0-e6352dc97a0f,"just uninstalled the app.. poor service of the gas station where i fillled my gas... not going back there again ever, so the app was useless so i uninstalled it..",1,0,,2022-02-21 06:53:57,just uninstalled the app poor service of the gas station where i fillled my gas not going back there again ever so the app was useless so i uninstalled it,2022-02,negative,0.924948513507843,negative,-0.924948513507843
50fe36e0-13c6-49da-8e00-1db7911ba539,I LOVE IT!,5,0,1.5.2,2022-02-19 04:33:06,i love it,2022-02,positive,0.9404393434524536,positive,0.9404393434524536
b455108f-48dd-4fd1-935f-1c12939736d4,helping...,4,0,1.5.2,2022-02-18 02:04:25,helping,2022-02,neutral,0.4311008155345917,neutral,0.0
35f948fe-6bbc-4998-9fe5-297cb018d835,"This app is made for one simple thing, ordering but Ordering is a disaster. What kind of app uses your browser to make an order? Cant you integrate it in the app instead? Did you hire undergrad IT students so you can pay less? Uninstalling now.",1,20,1.5.3,2022-02-18 00:16:43,this app is made for one simple thing ordering but ordering is a disaster what kind of app uses your browser to make an order cant you integrate it in the app instead did you hire undergrad it students so you can pay less uninstalling now,2022-02,negative,0.9544883966445923,negative,-0.9544883966445923
800ae4dc-3981-4dd5-b4c3-d37474c133ee,"Good,,,",5,0,,2022-02-17 13:48:12,good,2022-02,positive,0.5568311214447021,positive,0.5568311214447021
e3c3b4f5-65ec-4c74-8bc9-9b0fd2f69836,puro kayo Update tapos sa ibang Branch nyo Walang Limitless 👎👎👎,1,0,1.5.2,2022-02-17 03:23:03,puro kayo update tapos sa ibang branch nyo walang limitless ,2022-02,negative,0.9042153358459473,negative,-0.9042153358459473
2141ce34-ab0a-4e7c-a900-38fd24265bbe,Good,4,0,1.5.2,2022-02-17 00:20:00,good,2022-02,positive,0.4903799295425415,positive,0.4903799295425415
c4f9ab71-923c-4437-bec7-eae55642aeae,Goodjob,5,0,1.5.3,2022-02-16 14:00:46,goodjob,2022-02,positive,0.6604499220848083,positive,0.6604499220848083
7aaf5ad3-67eb-4e7b-b32a-d8c5880c89cf,Great,5,0,1.5.3,2022-02-16 13:42:01,great,2022-02,positive,0.7110204696655273,positive,0.7110204696655273
67578af2-f6aa-47db-b3a3-d7f62c51b1d4,Verrygood,5,0,1.5.2,2022-02-16 10:27:05,verrygood,2022-02,positive,0.6178463697433472,positive,0.6178463697433472
a15a96b9-01e7-4d79-8ee1-90942d06ddd4,Quality,5,0,1.5.2,2022-02-16 05:54:50,quality,2022-02,neutral,0.3773902952671051,neutral,0.0
fef30110-7191-4f4e-8f78-e6264e37e569,Update sucks,1,0,1.5.2,2022-02-16 02:56:58,update sucks,2022-02,negative,0.9450197815895081,negative,-0.9450197815895081
742eea1c-1a7d-467a-bcd4-f7a6eed83f7e,Best,5,0,1.5.2,2022-02-16 02:31:07,best,2022-02,positive,0.3809076249599457,positive,0.3809076249599457
e67dd232-1341-4218-b8bb-836d8efa3f0e,Good service,5,0,1.5.2,2022-02-16 01:07:06,good service,2022-02,positive,0.6970431804656982,positive,0.6970431804656982
044b8c0f-1736-4636-8b53-17b9cfe6faa9,Excellent service,5,0,1.5.2,2022-02-16 00:27:57,excellent service,2022-02,positive,0.7511872053146362,positive,0.7511872053146362
be13aad6-a39f-453d-865e-16ac470dea7f,great,5,0,1.5.2,2022-02-16 00:08:00,great,2022-02,positive,0.5717917680740356,positive,0.5717917680740356
2b13a24a-3b79-4f61-bf03-c7b86e7ec168,Okok,5,0,1.5.2,2022-02-15 20:12:28,okok,2022-02,neutral,0.37040072679519653,neutral,0.0
d65da40c-6168-4b41-adc8-dc2d8d7d8b1c,good,5,0,,2022-02-15 18:10:20,good,2022-02,positive,0.43150457739830017,positive,0.43150457739830017
0e2723b4-9a88-4178-93e2-28a177e86c5a,Making consumer's life more easy. It is difficullt to find a Phoenix lpg but with this app we are able to have one delivered to us and we can also use the voucher to get a discount. But the downside is you cannot view your pending order. Aside from that everything is good.,4,16,1.5.2,2022-02-14 23:18:37,making consumers life more easy it is difficullt to find a phoenix lpg but with this app we are able to have one delivered to us and we can also use the voucher to get a discount but the downside is you cannot view your pending order aside from that everything is good,2022-02,negative,0.4126107692718506,negative,-0.4126107692718506
ecf1d624-cae0-4137-8a13-053beb8e5e24,Very useful app in purchasing discounted vouchers with free coupons.,5,0,,2022-02-10 09:01:44,very useful app in purchasing discounted vouchers with free coupons,2022-02,positive,0.757464587688446,positive,0.757464587688446
448d74d9-ad35-4a44-8c5b-19fadbde205d,This ia useless. My earn points is lost. 300+ remain of my Points,1,0,1.5.2,2022-02-09 13:51:51,this ia useless my earn points is lost  remain of my points,2022-02,negative,0.9327999949455261,negative,-0.9327999949455261
e4faeff6-adc7-4312-ba3f-6d0b7c761974,Ok,5,0,1.5.2,2022-01-31 13:52:58,ok,2022-01,neutral,0.45445236563682556,neutral,0.0
63ab0a3b-be9c-4d54-b01e-c98ad9d4ac4c,Simply amazing transition.,5,0,1.5.2,2022-01-26 17:32:40,simply amazing transition,2022-01,positive,0.9323835372924805,positive,0.9323835372924805
5c7712f8-ae2a-4778-a9ce-e76922fd3fbb,So nice appp,5,0,,2022-01-24 19:15:09,so nice appp,2022-01,positive,0.816005289554596,positive,0.816005289554596
c54fe90e-80e7-4552-ab99-e0923c208e57,Always under maintenance. At sauyo branch of Pheonix. Useless app dont deserve the 1 star,1,1,1.5.2,2022-01-16 09:59:29,always under maintenance at sauyo branch of pheonix useless app dont deserve the  star,2022-01,negative,0.941975474357605,negative,-0.941975474357605
5aabd2ae-63c1-4c47-b250-17276163b4dd,Family mart around las pinas always say that their internet is down so they dont accept this payment method. What a shame. It feels like this app is useless. Cant even use my rewarda here.,1,0,,2022-01-11 15:30:10,family mart around las pinas always say that their internet is down so they dont accept this payment method what a shame it feels like this app is useless cant even use my rewarda here,2022-01,negative,0.9566411375999451,negative,-0.9566411375999451
6834abaf-598b-4ac7-b4cf-4021b3fbb7c9,"ayaw lumabas ng keyboard kapag magcheck out na ng voucher..sinubukan ko na iclose and open ang app, uninstall and install, ayaw pa rin",1,0,1.5.2,2022-01-09 08:15:05,ayaw lumabas ng keyboard kapag magcheck out na ng vouchersinubukan ko na iclose and open ang app uninstall and install ayaw pa rin,2022-01,negative,0.7600806951522827,negative,-0.7600806951522827
c72f0d37-109f-4827-853f-ae326b7cbe67,Good,5,0,1.5.0,2022-01-08 10:41:39,good,2022-01,positive,0.4903799295425415,positive,0.4903799295425415
78236c5c-d1d9-4499-8050-33975246c148,Good and very excellent and no hassle i love this apps,5,0,1.5.1,2022-01-02 17:44:29,good and very excellent and no hassle i love this apps,2022-01,positive,0.7959356904029846,positive,0.7959356904029846
46b808e0-1d47-48d3-9026-bd4e84cedddc,Good,4,0,1.5.0,2022-01-01 05:16:15,good,2022-01,positive,0.4903799295425415,positive,0.4903799295425415
e2cf08af-ef57-4919-a34f-37a9c69d2a94,to,5,0,1.5.0,2021-12-31 05:35:31,to,2021-12,neutral,0.4141600430011749,neutral,0.0
9a6736f2-d55c-413e-a840-fd2c38450726,Awit,1,0,1.5.1,2021-12-29 21:09:36,awit,2021-12,negative,0.3678865134716034,negative,-0.3678865134716034
45c76ed1-4fd0-47ab-8fa4-5f5d1b7f384e,Very helpful...,5,0,1.5.0,2021-12-29 08:15:10,very helpful,2021-12,positive,0.7383279800415039,positive,0.7383279800415039
426b84cf-3933-4879-b2e8-cbe2dd0f5bd2,Updating tooooo slowwwww,1,0,1.5.0,2021-12-29 08:13:56,updating tooooo slowwwww,2021-12,negative,0.8290072083473206,negative,-0.8290072083473206
e55b7f99-782e-42d8-81ab-2d499099d9d4,It can be opened it says need update but there is nothing to update with such a waste of time. Don't install this.,1,0,1.5.0,2021-12-29 03:48:06,it can be opened it says need update but there is nothing to update with such a waste of time dont install this,2021-12,negative,0.9318079948425293,negative,-0.9318079948425293
5df32cd2-6350-4fce-8314-ee987834736e,Amazing😊👌💯,5,0,,2021-12-29 02:38:16,amazing,2021-12,positive,0.8779701590538025,positive,0.8779701590538025
5ea8ce48-e5e8-4ccf-893d-dd40a5731a1b,nice,5,0,1.5.0,2021-12-28 15:52:13,nice,2021-12,positive,0.4518436789512634,positive,0.4518436789512634
18896391-9d90-41b9-a6b9-9dacfbf52b3f,What update?????,1,0,1.5.0,2021-12-28 13:09:54,what update,2021-12,neutral,0.7533227801322937,neutral,0.0
6392f447-0505-4ac4-babc-bc3f8a35144b,👌,5,0,1.5.0,2021-12-28 11:47:59,,2021-12,positive,0.4709415137767792,positive,0.4709415137767792
211abeb5-825b-4a11-9d86-271e889115e5,good,5,0,1.5.0,2021-12-28 10:25:51,good,2021-12,positive,0.43150457739830017,positive,0.43150457739830017
b74ee36e-b6e6-4046-88cd-f59336af4cf8,its waisted my time.. icant collect my points convert in promo...,1,0,1.5.1,2021-12-28 08:09:54,its waisted my time icant collect my points convert in promo,2021-12,negative,0.8343679904937744,negative,-0.8343679904937744
00973224-1d80-47bb-9dad-4a83a625d8e7,Satisfied,5,0,1.5.1,2021-12-28 07:01:29,satisfied,2021-12,positive,0.5976260304450989,positive,0.5976260304450989
7e2b7952-592b-4b74-a351-a47ba02132c9,Masaya maganda,5,0,1.5.0,2021-12-28 04:50:39,masaya maganda,2021-12,positive,0.7269122004508972,positive,0.7269122004508972
5f5e1ab5-dab3-4440-b075-894efd15f4d3,User friendly,5,0,1.5.0,2021-12-28 04:19:04,user friendly,2021-12,positive,0.4941440522670746,positive,0.4941440522670746
9d82b84f-3e8e-4cb7-a89a-a3c81648ba4c,Awesome,5,0,1.5.0,2021-12-28 03:40:58,awesome,2021-12,positive,0.7332897782325745,positive,0.7332897782325745
b4acc96a-adf7-48bc-87cf-9fccefb57f75,Ok,5,0,1.5.0,2021-12-28 03:23:19,ok,2021-12,neutral,0.45445236563682556,neutral,0.0
482b9906-d96e-4645-8219-695d2996354e,Excellent,5,0,1.5.1,2021-12-28 03:12:18,excellent,2021-12,positive,0.5348658561706543,positive,0.5348658561706543
4877ee07-0371-409b-9089-2f05ce5c5adb,Bery gud,5,0,1.5.0,2021-12-28 00:47:49,bery gud,2021-12,positive,0.5793675780296326,positive,0.5793675780296326
898f1e0b-d72a-4274-a4eb-4621040a51eb,Good,5,0,1.5.0,2021-12-28 00:34:23,good,2021-12,positive,0.4903799295425415,positive,0.4903799295425415
41d18496-034e-4d66-a6b2-cd055efae240,Service and products promonis not god,2,0,1.5.0,2021-12-27 22:02:58,service and products promonis not god,2021-12,negative,0.5707353949546814,negative,-0.5707353949546814
e47502b2-169d-4173-92ad-fada40898b8b,Nice,5,0,1.5.0,2021-12-27 19:09:42,nice,2021-12,positive,0.47395825386047363,positive,0.47395825386047363
68c8988e-bfd6-43f3-992d-342564fbd1b6,Cant even get pass the email verification stage,1,0,1.5.0,2021-12-24 01:47:44,cant even get pass the email verification stage,2021-12,negative,0.7479633688926697,negative,-0.7479633688926697
0ca26a8f-1e6d-4ba5-8dc6-ab806e7fcdc5,Keyboard not showing with the latest update. how can I fill out the credit card details for the payment???,1,0,,2021-12-19 08:48:12,keyboard not showing with the latest update how can i fill out the credit card details for the payment,2021-12,negative,0.6922087669372559,negative,-0.6922087669372559
b54e4fc4-4bf5-4ef1-9ebe-698daafbe65d,Using this after the update is soooo annoying! Can't even go through with the order coz there's no option to continue or press on next. Its just going in circles..Pakiayos jusko!Naubusan kna nga ng LPG at neex magorder tapos hassle pa mag order dahil sa app.mas mabilis pa punta kna lng sa station at bumili,1,27,1.5.0,2021-12-13 07:05:00,using this after the update is soooo annoying cant even go through with the order coz theres no option to continue or press on next its just going in circlespakiayos juskonaubusan kna nga ng lpg at neex magorder tapos hassle pa mag order dahil sa appmas mabilis pa punta kna lng sa station at bumili,2021-12,negative,0.9333140254020691,negative,-0.9333140254020691
397a22d9-16c2-44f3-81db-1d10a8a4873f,Awesome apps,5,0,1.4.9,2021-12-12 01:20:48,awesome apps,2021-12,positive,0.8617936372756958,positive,0.8617936372756958
f07f7a3f-a3a6-4c16-9d02-041dae640c0b,good,5,0,1.4.7,2021-12-11 05:55:32,good,2021-12,positive,0.43150457739830017,positive,0.43150457739830017
f8e352fa-2bf1-4fbd-be6d-96422f45440d,very nice,5,0,,2021-12-10 01:50:37,very nice,2021-12,positive,0.6908937692642212,positive,0.6908937692642212
7a55a632-c7e0-47e7-b4e9-5bdd3adbc136,Good,5,0,1.4.9,2021-12-05 11:33:09,good,2021-12,positive,0.4903799295425415,positive,0.4903799295425415
cce8743a-e414-401d-a188-abee15ea2d28,Good,4,0,1.4.9,2021-12-05 07:06:55,good,2021-12,positive,0.4903799295425415,positive,0.4903799295425415
35866fb0-090d-4189-8f5a-a25afa96f53b,👍,5,0,1.4.9,2021-12-05 04:58:35,,2021-12,positive,0.5846458077430725,positive,0.5846458077430725
cd13a4d7-507e-49eb-82fe-4807e26df471,Werygood,5,0,,2021-12-04 19:19:15,werygood,2021-12,neutral,0.43125835061073303,neutral,0.0
dd98672f-dc90-4c68-9fa3-ead8dcf7ffad,Thank u god bless,5,0,1.4.9,2021-12-04 01:02:13,thank u god bless,2021-12,positive,0.8475021719932556,positive,0.8475021719932556
12005090-6b26-4f9d-b002-fc7a52ce19ea,Excellent,5,0,1.5.0,2021-12-04 00:30:25,excellent,2021-12,positive,0.5348658561706543,positive,0.5348658561706543
25a80d04-d3c7-4116-8714-89a7a9304a27,Very helpful and nice,5,0,1.5.0,2021-12-04 00:28:14,very helpful and nice,2021-12,positive,0.8695031404495239,positive,0.8695031404495239
5d11fd3d-983c-4395-8211-19f3ef19442f,"I started using the app since there is a nearby Phoenix gasoline station at home. However, whenever I am trying to buy a voucher it does not let me encode my number. It stops functioning as soon as I encode the first number of my cellphone number. I hope you can fix this.",3,30,1.4.9,2021-12-03 22:57:01,i started using the app since there is a nearby phoenix gasoline station at home however whenever i am trying to buy a voucher it does not let me encode my number it stops functioning as soon as i encode the first number of my cellphone number i hope you can fix this,2021-12,negative,0.6890401244163513,negative,-0.6890401244163513
4766c34a-af42-4b63-87b1-25651a2d8a6f,Love this app,5,0,1.5.0,2021-12-03 09:45:38,love this app,2021-12,positive,0.9064698815345764,positive,0.9064698815345764
caf90e3e-7f76-41af-8c58-2f894e224b0d,👍,5,0,1.4.9,2021-12-03 04:06:27,,2021-12,positive,0.5846458077430725,positive,0.5846458077430725
de1cde81-8018-4940-937c-0ff772252e67,Very good,5,0,1.4.9,2021-12-02 19:55:11,very good,2021-12,positive,0.7675232887268066,positive,0.7675232887268066
63f70cf8-86ac-4244-8793-4d57c1974193,Thanks for the freebies!!,5,0,1.5.0,2021-12-02 13:17:45,thanks for the freebies,2021-12,positive,0.9053308963775635,positive,0.9053308963775635
d5bb9c8e-2504-4d63-800d-5dae44f48b42,"Good ,,, but much better if will be times five points in every gas in Phoenix ....",5,0,1.5.0,2021-12-02 12:26:40,good  but much better if will be times five points in every gas in phoenix ,2021-12,positive,0.5318413376808167,positive,0.5318413376808167
3b7a4105-dfc5-499d-bb7e-c0b60a26e32f,Verry nice,5,0,1.4.9,2021-12-02 09:20:26,verry nice,2021-12,positive,0.839776337146759,positive,0.839776337146759
c5a43f46-7f06-49d0-89e4-f34ff88fa019,App requires update. While google doesn't have an update available. I'm waiting here at the gasoline station for your response,2,1,1.4.9,2021-12-02 07:16:35,app requires update while google doesnt have an update available im waiting here at the gasoline station for your response,2021-12,neutral,0.5916643142700195,neutral,0.0
bac66ee2-d715-47dd-aeba-d783b24e3466,Sometime it is unsatisfying if you reach ur allowable earning points.,2,0,1.4.9,2021-12-02 06:18:26,sometime it is unsatisfying if you reach ur allowable earning points,2021-12,negative,0.9080252647399902,negative,-0.9080252647399902
b009fa2f-7aa4-4802-b431-54ef9b76875a,Maganda at nakakatipid,5,0,1.4.9,2021-12-02 04:07:37,maganda at nakakatipid,2021-12,negative,0.45876118540763855,negative,-0.45876118540763855
d741997c-1d18-432e-837f-4cee79d6bb1f,Keeps needing to update whenever im already purchasing... i end up not being able to use because it takes too long,1,0,1.4.9,2021-12-02 03:29:48,keeps needing to update whenever im already purchasing i end up not being able to use because it takes too long,2021-12,negative,0.8720613718032837,negative,-0.8720613718032837
a4b2a938-6596-4919-99c4-60ddedd7a75c,Learning's,5,0,1.4.9,2021-12-02 03:06:59,learnings,2021-12,neutral,0.4985384941101074,neutral,0.0
fc7e7669-007f-431d-a0af-2bb8a5eddaf6,Product is very good,5,0,1.4.9,2021-12-02 02:50:21,product is very good,2021-12,positive,0.8523788452148438,positive,0.8523788452148438
6ab49bae-a6a8-43cc-b54f-174ccd3b8c13,Okay sya 100%,5,0,1.5.0,2021-12-02 02:25:08,okay sya ,2021-12,neutral,0.4458925724029541,neutral,0.0
a94af67f-6c69-4b46-99dd-3a268040a3b1,Satisfied,5,0,1.4.9,2021-12-02 01:10:19,satisfied,2021-12,positive,0.5976260304450989,positive,0.5976260304450989
2dee8814-8407-49ed-9c3a-efe47dc061de,Very good,5,0,1.4.9,2021-12-02 01:01:38,very good,2021-12,positive,0.7675232887268066,positive,0.7675232887268066
b797c468-9d6d-441d-98e7-23dab9b3ad2b,Ok coz you can discounted 100 but now i cant update the app. Why?,2,1,1.4.9,2021-12-02 00:16:32,ok coz you can discounted  but now i cant update the app why,2021-12,negative,0.8345022201538086,negative,-0.8345022201538086
105282f8-3410-4b7c-bf4f-70eff64b80f9,👍,5,0,1.4.9,2021-12-01 23:37:47,,2021-12,positive,0.5846458077430725,positive,0.5846458077430725
696fab1f-4958-46c0-82c2-7ceb3a273615,Ok nman kso ndi k p nman nsubukan,4,0,1.4.9,2021-12-01 23:35:12,ok nman kso ndi k p nman nsubukan,2021-12,neutral,0.35790202021598816,neutral,0.0
ceb11359-d656-44c1-90df-8dfb327e872d,Happy,5,0,1.4.9,2021-12-01 20:21:29,happy,2021-12,positive,0.4437260329723358,positive,0.4437260329723358
06f7a295-89b6-4896-ad08-0ed765a23a72,Ok,5,0,,2021-12-01 18:48:00,ok,2021-12,neutral,0.45445236563682556,neutral,0.0
373bc5da-de54-4b3c-bee7-79500f3fd2ff,"Good, pump attendants very accommodating, courteous. 👍👍👍👍👍🏼",5,0,1.4.8,2021-12-01 16:36:59,good pump attendants very accommodating courteous ,2021-12,positive,0.8374168276786804,positive,0.8374168276786804
877a6f62-92bd-40c4-af93-69ab5095cbe4,"There are two phoenix gas stations that's nearest to my area but both of them doesn't honor limitless app,so please make all the phoenix stations participate to limitless.",3,25,1.4.9,2021-12-01 04:58:28,there are two phoenix gas stations thats nearest to my area but both of them doesnt honor limitless appso please make all the phoenix stations participate to limitless,2021-12,negative,0.5335088968276978,negative,-0.5335088968276978
a4eb94a5-ddce-4001-aa20-6915a04fbadd,nive,5,0,1.4.8,2021-12-01 04:03:45,nive,2021-12,neutral,0.3857933580875397,neutral,0.0
48f2f62e-ff57-4fc7-81e5-3aae6f3c17e7,Supot kau,1,0,1.4.7,2021-11-30 12:13:02,supot kau,2021-11,negative,0.6416891813278198,negative,-0.6416891813278198
5a3d60e2-3400-48bc-9025-23791bb15dbf,good,3,0,1.4.8,2021-11-28 10:37:38,good,2021-11,positive,0.43150457739830017,positive,0.43150457739830017
8e9ec3a7-add1-4f8e-940a-c315ea0a5427,Thank you very for this apps I earn real money 💵💰 so I rate 5 star,5,1,1.4.8,2021-11-26 06:35:32,thank you very for this apps i earn real money  so i rate  star,2021-11,positive,0.8080422878265381,positive,0.8080422878265381
bff9b7c3-febc-4728-8b6f-4d819c1060f9,"It should be named ""Worthless"" not limitless kasi may limit naman, once a day lang pwede mag avail ng point at mag redeem ng rewards. 200 liters lang per month ang maximum after nun zero points na. Dont this app its wortless",1,1,,2021-11-25 16:54:31,it should be named worthless not limitless kasi may limit naman once a day lang pwede mag avail ng point at mag redeem ng rewards  liters lang per month ang maximum after nun zero points na dont this app its wortless,2021-11,negative,0.4304121136665344,negative,-0.4304121136665344
903b2603-a2cb-42b4-9475-7dd23f1d0ff3,Thank you Limitless for free Gas and other freebies,5,0,1.4.8,2021-11-24 01:51:18,thank you limitless for free gas and other freebies,2021-11,positive,0.8487235903739929,positive,0.8487235903739929
e8e48750-0a5a-4a9d-8f19-a0fe9cd98189,Pangit nung app. Walang masyadong offers di gaya nung 711 Cliqq app. May pa games nga pero ambagal tapos puro talo.40 tries for 2 days... Mga tsong... Credits lang yan. Sana wag madamot!,1,0,1.4.8,2021-11-20 06:58:42,pangit nung app walang masyadong offers di gaya nung  cliqq app may pa games nga pero ambagal tapos puro talo tries for  days mga tsong credits lang yan sana wag madamot,2021-11,negative,0.9469957947731018,negative,-0.9469957947731018
647f6f0d-b9e2-4d39-9dc3-ec93aa27c141,Very poor application sayang lang voucher ko sayo,1,0,,2021-11-18 09:14:13,very poor application sayang lang voucher ko sayo,2021-11,negative,0.9442033767700195,negative,-0.9442033767700195
d2ca17e6-1e30-4a54-94f9-4a81ae323699,nice,5,0,1.4.9,2021-11-16 13:55:48,nice,2021-11,positive,0.4518436789512634,positive,0.4518436789512634
ea90521a-2864-4422-818f-7e51f3ad6953,"WALANG KWENTA. Mabilis mag earn ng points pero pagdating sa pagredeem ng coupons, laging may error. Nakailang try na ako, kahit saang branch, laging hindi magamit yung coupons. Dapat -1 ang rating. And totoo yung sinasabi ng iba, mabagal madalas yung app tapos puro promotion na hindi naman totoo. Phoenix is trying too hard to keep up with competition pero wala namang mabuga. Puro kasinungalingan.",1,0,1.4.9,2021-11-12 17:34:21,walang kwenta mabilis mag earn ng points pero pagdating sa pagredeem ng coupons laging may error nakailang try na ako kahit saang branch laging hindi magamit yung coupons dapat  ang rating and totoo yung sinasabi ng iba mabagal madalas yung app tapos puro promotion na hindi naman totoo phoenix is trying too hard to keep up with competition pero wala namang mabuga puro kasinungalingan,2021-11,negative,0.868549644947052,negative,-0.868549644947052
ceb63526-5f8e-4eb2-b09e-ae09c361b82d,Can't open the app still loading,1,2,1.4.8,2021-11-04 11:44:20,cant open the app still loading,2021-11,negative,0.743036150932312,negative,-0.743036150932312
4d498c75-aaf2-4361-8d41-c8c01508efea,Useful. A great help these days!,5,0,,2021-11-01 06:27:27,useful a great help these days,2021-11,positive,0.87563157081604,positive,0.87563157081604
249eb5bf-4021-4f7c-9545-a5f5ced4f70d,wala at hindi naman pumapasok yung voucher reward sa app na to sayang lang yung 100 kuno para sa phoenix gas station,1,0,1.4.8,2021-10-29 13:51:36,wala at hindi naman pumapasok yung voucher reward sa app na to sayang lang yung  kuno para sa phoenix gas station,2021-10,negative,0.8537164926528931,negative,-0.8537164926528931
b215dbb6-2106-4ea1-9bfc-92d0c06d1883,Perfect rewords,5,0,1.4.8,2021-10-26 00:46:31,perfect rewords,2021-10,positive,0.7229090332984924,positive,0.7229090332984924
49d15e6b-b87d-485c-9922-95972faf26fe,Good,5,0,1.4.8,2021-10-25 18:13:32,good,2021-10,positive,0.4903799295425415,positive,0.4903799295425415
1eea4d57-a1b9-4cf0-93e1-e947343d4ea2,Good apps,5,0,,2021-10-21 13:11:45,good apps,2021-10,positive,0.6928773522377014,positive,0.6928773522377014
239c8d12-a3db-4181-b7ed-90b98928a415,👍👍,5,0,1.4.8,2021-10-21 10:15:10,,2021-10,positive,0.5923474431037903,positive,0.5923474431037903
0930d312-7f18-403a-bf73-d3b8cd4fc4c1,Bisa ng app n to sobrang ewan nag send saakin ngayon ng voucher na nag expired na kahapon tapos nag try ako mag reg potek otp lng ang tagal pa i send sa susunod na araw pa ata i sssend,1,0,1.4.8,2021-10-21 03:13:29,bisa ng app n to sobrang ewan nag send saakin ngayon ng voucher na nag expired na kahapon tapos nag try ako mag reg potek otp lng ang tagal pa i send sa susunod na araw pa ata i sssend,2021-10,negative,0.8762568235397339,negative,-0.8762568235397339
9c296dec-a53a-4bd1-aed8-0bbafe7ecb24,Disappointed ako sa apps na 2.ang hirap makontak ng costumer serviçe.,1,0,1.4.8,2021-10-18 13:19:26,disappointed ako sa apps na ang hirap makontak ng costumer servie,2021-10,negative,0.9536183476448059,negative,-0.9536183476448059
3cd72cc2-3c9d-494c-882e-ed13ae5ca3ae,Wala naman kwenta gamitin to grab ano ano n lang ginagawa ko nako po Embest pang kain n lang na punta pa sa gus sus naman,1,0,1.4.8,2021-10-18 07:46:06,wala naman kwenta gamitin to grab ano ano n lang ginagawa ko nako po embest pang kain n lang na punta pa sa gus sus naman,2021-10,negative,0.7817032933235168,negative,-0.7817032933235168
d00a0bb5-03ab-4b11-bdb3-618d36323fd3,Not claim,1,0,1.4.8,2021-10-18 03:13:51,not claim,2021-10,neutral,0.4476291537284851,neutral,0.0
dd974b5e-708a-4685-9312-358cc82e41cc,my voucher not appear on my rewards,1,0,1.4.8,2021-10-15 06:01:42,my voucher not appear on my rewards,2021-10,negative,0.6060581207275391,negative,-0.6060581207275391
4a5de5c3-b102-492c-a961-e3a484217762,NOT RESPONDING... HUWAG NA KAYONG MAG DOWNLOAD NITO KUNG AYAW NIYONG MAG INIT YUNG ULO NINYO... MAGPALIT NA LANG DIN KAYO NG IBANG TANGKE...,1,0,1.4.8,2021-10-13 04:24:36,not responding huwag na kayong mag download nito kung ayaw niyong mag init yung ulo ninyo magpalit na lang din kayo ng ibang tangke,2021-10,negative,0.9183734059333801,negative,-0.9183734059333801
b682daad-cc39-4d0f-952c-fc433b969620,Very nice...thanks a lot po...🥰💖,5,0,1.4.8,2021-10-12 13:07:33,very nicethanks a lot po,2021-10,positive,0.9147883057594299,positive,0.9147883057594299
6a86eaea-ef0b-4be8-89a8-25d96bd76175,1star na din kasi karamihan 1star hahaha kung di lang dahil kay grab matagal ko ng na unstall to.,1,0,1.4.8,2021-10-11 14:03:43,star na din kasi karamihan star hahaha kung di lang dahil kay grab matagal ko ng na unstall to,2021-10,neutral,0.3787834644317627,neutral,0.0
0a029f43-1b44-4eda-9cca-55cf2d2c73a5,"Good fuel, nice app!",5,0,1.4.7,2021-10-07 12:59:18,good fuel nice app,2021-10,positive,0.8883082270622253,positive,0.8883082270622253
dae893c9-58a3-427c-a1d0-c5c81cda22e9,Basura,1,0,1.4.7,2021-10-06 16:40:27,basura,2021-10,negative,0.8545551896095276,negative,-0.8545551896095276
3dbd8f6a-9b45-4328-a4f1-ee66ee2381f3,I loved it,5,0,,2021-10-06 15:32:25,i loved it,2021-10,positive,0.9041445851325989,positive,0.9041445851325989
fd520962-ac58-4a96-8a85-6c8d4d7aa44c,"why an app like this needs all my personal details, even my residential address. be careful! I did not register, btw.",1,17,1.4.7,2021-10-05 00:11:19,why an app like this needs all my personal details even my residential address be careful i did not register btw,2021-10,negative,0.8815645575523376,negative,-0.8815645575523376
b0eadc68-f4bb-48dd-b5cb-5d9ea030f0d3,bumili ako nang coupon using gcash worth of 500 pesos at isesend ko sya sa kaibigan ko pag send ko sa kanya may na recieve syang txt confirmation pero pag tingin nya sa my voucher wala ung 500 voucher anu po pwedeng gawin,3,0,1.4.7,2021-09-28 06:26:07,bumili ako nang coupon using gcash worth of  pesos at isesend ko sya sa kaibigan ko pag send ko sa kanya may na recieve syang txt confirmation pero pag tingin nya sa my voucher wala ung  voucher anu po pwedeng gawin,2021-09,neutral,0.6234481930732727,neutral,0.0
5a664887-1bae-445d-92fb-4f60ba45da2b,Cantno download🤣,1,0,,2021-09-21 07:19:08,cantno download,2021-09,negative,0.4577139616012573,negative,-0.4577139616012573
5348edcb-612b-4d6f-99e9-d92b7c17443c,Great!,5,0,1.4.7,2021-09-14 10:57:03,great,2021-09,positive,0.8586522340774536,positive,0.8586522340774536
ae1dce3e-7b38-4e7d-ab34-04f8860c1bbb,"ayaw mka order walangma click, useless app",1,0,1.4.7,2021-09-13 23:02:14,ayaw mka order walangma click useless app,2021-09,negative,0.8629043102264404,negative,-0.8629043102264404
9910ac9b-41ed-4f12-9d43-995377887150,Unable to verify account because of typo error sa email. Can't create new account since my mobile # is connected to my mistyped email. need help with this,1,8,1.4.7,2021-09-05 21:16:11,unable to verify account because of typo error sa email cant create new account since my mobile  is connected to my mistyped email need help with this,2021-09,negative,0.8360756635665894,negative,-0.8360756635665894
6faca1f2-2c8e-4981-b755-9fe498648f8a,Very poor,1,0,,2021-09-03 21:08:00,very poor,2021-09,negative,0.9299802780151367,negative,-0.9299802780151367
9c48f4cb-0c98-4921-b6a4-86c980ba64f7,Not enough promo,1,0,1.4.3,2021-09-01 02:37:54,not enough promo,2021-09,negative,0.7406258583068848,negative,-0.7406258583068848
658309e0-1566-4497-9eab-0c2373e0c84c,Sana padaliin yung proseso ng pag download at pag fill up salamat,3,0,,2021-08-30 11:44:37,sana padaliin yung proseso ng pag download at pag fill up salamat,2021-08,positive,0.447061151266098,positive,0.447061151266098
3cc50fe4-14c3-403a-b154-977abbd04fc6,Nice apps,5,0,1.4.7,2021-08-29 16:18:27,nice apps,2021-08,positive,0.7009302377700806,positive,0.7009302377700806
ef5d2f46-1854-4135-86d0-985a1b01d8e0,"Asking for update but when i updated it, it keeps on rolling in PENDING status. I have unused voucher for gasoline inside the app. 😥",1,3,1.4.3,2021-08-29 04:16:00,asking for update but when i updated it it keeps on rolling in pending status i have unused voucher for gasoline inside the app ,2021-08,negative,0.8969117999076843,negative,-0.8969117999076843
fcacf5f4-01d5-4490-9de9-9ecede6f65c8,Ok,5,0,1.4.6,2021-08-26 06:49:30,ok,2021-08,neutral,0.45445236563682556,neutral,0.0
031b3c2e-f91d-4384-a5ea-2572440d36e4,"Very,helpfull",5,0,1.4.6,2021-08-25 03:47:20,veryhelpfull,2021-08,positive,0.8152257800102234,positive,0.8152257800102234
9375a045-01eb-4236-93b0-e0f5588bf430,Good,5,0,1.4.7,2021-08-23 02:53:02,good,2021-08,positive,0.4903799295425415,positive,0.4903799295425415
78ee4070-6cc4-479f-ac1d-94bc5baf8681,nice apps thanks,5,0,,2021-08-21 02:49:41,nice apps thanks,2021-08,positive,0.8145458102226257,positive,0.8145458102226257
61885a4e-3da6-470b-8b0d-ea9c0b86a966,Nice,5,0,1.4.6,2021-08-19 03:32:34,nice,2021-08,positive,0.47395825386047363,positive,0.47395825386047363
1d6df73d-4e55-480e-9d8e-eaf873bfd8ab,"Kalokohan, limitless kuno. Magpa Gas, limitado ang points na papasok. Please be advised that you have reached your daily allowable limit to earn points. On your next transaction, no points will be earned until the next day. Thank you! Hey there! You've reached the maximum number of points that can be earned in a DAY. Don't worry, tomorrow is another day to earn points. See you!",1,11,1.4.7,2021-08-18 01:36:15,kalokohan limitless kuno magpa gas limitado ang points na papasok please be advised that you have reached your daily allowable limit to earn points on your next transaction no points will be earned until the next day thank you hey there youve reached the maximum number of points that can be earned in a day dont worry tomorrow is another day to earn points see you,2021-08,positive,0.6539258360862732,positive,0.6539258360862732
0711893e-cde3-4202-9c84-6372954ec50f,Mahirap gamitin,1,0,1.4.7,2021-08-17 05:05:35,mahirap gamitin,2021-08,negative,0.8741482496261597,negative,-0.8741482496261597
40b75677-57dd-4d38-8f47-b436c9fdec8d,Great app.,5,0,1.4.7,2021-08-16 19:16:09,great app,2021-08,positive,0.9033977389335632,positive,0.9033977389335632
db4be6e2-abc9-4886-86a8-ebdcbba9fe0b,Nice,5,0,1.4.7,2021-08-12 03:32:51,nice,2021-08,positive,0.47395825386047363,positive,0.47395825386047363
1ba3df38-8c93-45dc-8312-d6a5b12a478f,Placing an order here is easy but base on my experience with phoenix LPG gas they were not aware of my order up until I called them myself. It says someone will call me but I didn't receive a call. It's very scary to pay here online because when I called and spoke to a representative asking me for the # of the receiver of my payment but there is no # it was just a transaction ID.,2,49,1.4.7,2021-08-12 01:25:03,placing an order here is easy but base on my experience with phoenix lpg gas they were not aware of my order up until i called them myself it says someone will call me but i didnt receive a call its very scary to pay here online because when i called and spoke to a representative asking me for the  of the receiver of my payment but there is no  it was just a transaction id,2021-08,negative,0.8180021643638611,negative,-0.8180021643638611
915e40ed-90ef-4ca8-956a-348fb399c2cc,excellent,5,0,1.4.7,2021-08-11 11:31:57,excellent,2021-08,positive,0.5366027355194092,positive,0.5366027355194092
10f5c6e3-2cce-4653-8286-007ef591175e,Potangina apps na ito!! Napaka abala para ma redeem ang voucher!! Wag na kayo magpa voucher kung ayaw niyo magamit!! Tagal ko sa gasoline Station!! Nakka highblood!! Mga walang kwenta,1,0,1.4.7,2021-08-10 15:57:24,potangina apps na ito napaka abala para ma redeem ang voucher wag na kayo magpa voucher kung ayaw niyo magamit tagal ko sa gasoline station nakka highblood mga walang kwenta,2021-08,negative,0.9547432661056519,negative,-0.9547432661056519
1050f5d1-e4c7-4fbc-b8a4-11429ba6316c,Nic,5,0,1.4.6,2021-08-10 03:26:30,nic,2021-08,neutral,0.4531137943267822,neutral,0.0
fd74de7d-6aff-4519-b832-932f46701f27,Nice,5,0,1.4.3,2021-08-09 05:24:27,nice,2021-08,positive,0.47395825386047363,positive,0.47395825386047363
7b342782-412b-429c-a7f6-beead5674f7d,My App is already updated by keeps prompting to update it.,1,0,1.4.3,2021-08-08 03:47:44,my app is already updated by keeps prompting to update it,2021-08,neutral,0.6286100149154663,neutral,0.0
44f93dbd-b55c-4f85-a341-040d88553c0b,Good,4,0,1.4.6,2021-08-08 02:09:38,good,2021-08,positive,0.4903799295425415,positive,0.4903799295425415
3a14d1d0-a5cd-484d-8aad-43c5c6542160,Amazing,5,0,1.4.6,2021-08-07 13:18:48,amazing,2021-08,positive,0.6564694046974182,positive,0.6564694046974182
2a4c1979-9bef-40c6-9cd6-f38b054faa1f,Satisfied,5,0,1.4.6,2021-08-07 10:13:29,satisfied,2021-08,positive,0.5976260304450989,positive,0.5976260304450989
bb4158a6-38ef-4e22-adc6-85a1529d0f44,Great apps,4,0,1.4.6,2021-08-07 07:26:52,great apps,2021-08,positive,0.8373281359672546,positive,0.8373281359672546
02f37e71-d72c-44c6-a3d3-6682c33fd271,"Needs to be update, whwn u click ipdate, it goes to the option to open, when u click open, then it needs update. Its hoing in circles. Sayang points ko now na nagpa gas ako",1,9,1.4.6,2021-08-07 04:58:20,needs to be update whwn u click ipdate it goes to the option to open when u click open then it needs update its hoing in circles sayang points ko now na nagpa gas ako,2021-08,negative,0.7727693319320679,negative,-0.7727693319320679
e920c139-eea0-4493-8157-936b53a09dae,nice,5,0,1.4.6,2021-08-07 02:14:15,nice,2021-08,positive,0.4518436789512634,positive,0.4518436789512634
be4bcae3-845c-47d1-aed4-bf4b987b7a06,update! to then there is no update! uninstall! then update gain! what a mess,1,0,1.4.6,2021-08-07 01:15:39,update to then there is no update uninstall then update gain what a mess,2021-08,negative,0.9225855469703674,negative,-0.9225855469703674
4c16227f-e64d-4b01-8560-92263c448aea,"The app keeps saying to update your app, but I have the latest version. I don't have screenshot of my qr code. Lol. We didn't get the points.",1,2,1.4.6,2021-08-06 23:42:52,the app keeps saying to update your app but i have the latest version i dont have screenshot of my qr code lol we didnt get the points,2021-08,negative,0.6650192737579346,negative,-0.6650192737579346
1f8340c7-3801-4f0c-93e0-0d7dd315265a,Nice apps .so many benefits,5,0,1.4.6,2021-08-06 23:22:42,nice apps so many benefits,2021-08,positive,0.8220024108886719,positive,0.8220024108886719
a170a2b5-19c9-436e-8439-65f40181f0cf,your limitless id worthless,1,0,1.4.6,2021-08-06 15:49:10,your limitless id worthless,2021-08,negative,0.6864783763885498,negative,-0.6864783763885498
43223f75-e50d-4e46-9228-74ce6860ecd5,Nice app,5,0,1.4.6,2021-08-06 15:47:42,nice app,2021-08,positive,0.706652045249939,positive,0.706652045249939
9b2beba5-9825-4fa9-b277-04dba7e38327,"When I open the app it says that it needs to be updated, but when I click the update now, it is already updated. Why I cant still use it?! I already uninstalled then installed it again but nothing happened. Resolve this issue pls!!",1,28,1.4.6,2021-08-06 15:18:52,when i open the app it says that it needs to be updated but when i click the update now it is already updated why i cant still use it i already uninstalled then installed it again but nothing happened resolve this issue pls,2021-08,negative,0.8948395252227783,negative,-0.8948395252227783
c6980f84-72a1-45c6-bf91-42797a74f0e2,"After the updates, i can no longer purchase vouchers. The page just keeps on loading",1,2,1.4.6,2021-08-02 11:00:26,after the updates i can no longer purchase vouchers the page just keeps on loading,2021-08,negative,0.8408499360084534,negative,-0.8408499360084534
8fda66fa-f95c-4db1-a257-6668768705fe,Have been trying to install on phone for the past 25 minutes and getting the same message: Can't install Limitless PH and when I try the workaround nothing works. Gonna keep using the card at station at least that won't give up ghost or have installation issues.,1,3,,2021-07-29 13:27:31,have been trying to install on phone for the past  minutes and getting the same message cant install limitless ph and when i try the workaround nothing works gonna keep using the card at station at least that wont give up ghost or have installation issues,2021-07,negative,0.8629436492919922,negative,-0.8629436492919922
6c384e93-f7c6-4956-b32d-a4833a137159,"always offline, the last time i top-up for fuel worth 1.4k i earned ZERO points & i have not received the COKE coupon... what a scam...",1,0,1.4.3,2021-06-19 11:15:03,always offline the last time i topup for fuel worth k i earned zero points  i have not received the coke coupon what a scam,2021-06,negative,0.9226046800613403,negative,-0.9226046800613403
a54f5887-8466-40ce-85ad-815207649252,Eric c. Doaz,5,0,1.4.2,2021-06-18 21:52:33,eric c doaz,2021-06,neutral,0.8517139554023743,neutral,0.0
372233ff-3ac8-4b40-8cc3-eec8abc72df8,Nice,5,0,1.4.3,2021-06-17 01:24:51,nice,2021-06,positive,0.47395825386047363,positive,0.47395825386047363
0aaaade7-a871-4e9f-80cd-f9fdc1584660,Walang kwentang app nag free voucher hindi naman magamit.. Wag nyo na nyo install to nag papadagdag lang ng ratings yan.. Mastress lang kayo promise,1,0,,2021-06-16 02:01:38,walang kwentang app nag free voucher hindi naman magamit wag nyo na nyo install to nag papadagdag lang ng ratings yan mastress lang kayo promise,2021-06,negative,0.9222586154937744,negative,-0.9222586154937744
33bc64da-b853-4937-853b-f674cce67939,Great app. Easy abd lot of perks unlike othee fas stations,5,3,1.4.3,2021-06-15 13:53:11,great app easy abd lot of perks unlike othee fas stations,2021-06,positive,0.6681694984436035,positive,0.6681694984436035
c561cf01-0598-450f-be6e-9e0f146c3705,"Galing, laging may freebies",5,0,1.4.3,2021-06-15 02:15:43,galing laging may freebies,2021-06,positive,0.8319060802459717,positive,0.8319060802459717
61db0da4-3c31-43ba-ac82-16a1f0144d37,If there's a negative star here. Ill definitely put it! 😡😡😡,1,1,1.4.3,2021-06-12 15:13:37,if theres a negative star here ill definitely put it ,2021-06,negative,0.8918132185935974,negative,-0.8918132185935974
2af8a11c-3831-457b-80de-560946657089,Supper laggy,2,0,1.4.3,2021-06-12 15:05:19,supper laggy,2021-06,negative,0.8103085160255432,negative,-0.8103085160255432
d0e69468-157e-4838-b3fb-63733a4c665c,Salamat sa 12 peso voucher Pheonix 💙💙,5,0,1.4.3,2021-06-12 13:36:12,salamat sa  peso voucher pheonix ,2021-06,positive,0.8399243354797363,positive,0.8399243354797363
7a149caa-f684-4810-96d6-d997594b7b22,"The constant need to update weekly is soooo annoying, like everytime i need to use the app, it says it need to update first. At least give us an option if we want to update it later, so i can go with my purchase without consuming so much time.",2,48,1.4.3,2021-06-12 11:41:01,the constant need to update weekly is soooo annoying like everytime i need to use the app it says it need to update first at least give us an option if we want to update it later so i can go with my purchase without consuming so much time,2021-06,negative,0.9292948246002197,negative,-0.9292948246002197
7d793e32-24bf-4aa5-825a-02ea4f0b10df,"The app is not working during your flash sale, you must improve your app like gcash or lazada to accommodate all the users.",5,1,1.4.3,2021-06-12 06:47:43,the app is not working during your flash sale you must improve your app like gcash or lazada to accommodate all the users,2021-06,neutral,0.5825400948524475,neutral,0.0
b07e972c-4a08-4c14-b784-2e54590fd8c1,Your server for freedom sale promo is not ready. You guys cant handle it,1,0,1.4.3,2021-06-12 06:02:10,your server for freedom sale promo is not ready you guys cant handle it,2021-06,negative,0.9418187141418457,negative,-0.9418187141418457
7d6af400-8d83-4bf2-918c-8b806672fd3f,"Wag na po kayo mag-promote ng promo kung ayaw ninyo magpa-avail. Pinuyat niyo lang ako kagabi sa freedom sale ninyo tapos down naman system magdamag. Nung nakapasok na ako sa app lahat ng vouchers not available na. Lagi pa naman ako sa phoenix nagpapa-gas tapos scam naman magpapromo. Buti pa Petron pag nagpromo legit, hindi sayang pagod sa kanila. Eyebags lang napala ko sa papromo niyo. Masarap sana ulam niyo. 👎👎👎",1,0,,2021-06-12 05:29:09,wag na po kayo magpromote ng promo kung ayaw ninyo magpaavail pinuyat niyo lang ako kagabi sa freedom sale ninyo tapos down naman system magdamag nung nakapasok na ako sa app lahat ng vouchers not available na lagi pa naman ako sa phoenix nagpapagas tapos scam naman magpapromo buti pa petron pag nagpromo legit hindi sayang pagod sa kanila eyebags lang napala ko sa papromo niyo masarap sana ulam niyo ,2021-06,negative,0.8989045023918152,negative,-0.8989045023918152
58f5b183-c5d0-47f4-9e17-cf3d44cb9bdc,Patawa itong App na ito Sale nga 12 pesos pero ang eVoucher naman na available ay nasa hundreds lang 🖕🏼 👎🏽 anong klaseng kalokohan yan libo-libong Pinoy nag aantay. Ito kayo 🖕🏼🖕🏼🖕🏼🖕🏼👎🏽👎🏽👎🏽👎🏽,1,0,,2021-06-12 05:03:01,patawa itong app na ito sale nga  pesos pero ang evoucher naman na available ay nasa hundreds lang   anong klaseng kalokohan yan libolibong pinoy nag aantay ito kayo ,2021-06,negative,0.9305514693260193,negative,-0.9305514693260193
64c9c8a6-017c-48ca-b85a-fe52e94f807e,Pakulo lng sale nyo..npuyat lng ako sa kakaantay hinman mkapasok..,1,0,,2021-06-12 02:16:40,pakulo lng sale nyonpuyat lng ako sa kakaantay hinman mkapasok,2021-06,negative,0.6867944002151489,negative,-0.6867944002151489
d5dec308-3085-491b-a68b-d211b5a32d95,kala ko pa naman maganda kakalabasan pero sana ol manloloko isa na nga lang nakalagay na item babaan ko pa daw so ano yun zero dapat? nonsense stupid app,1,0,,2021-06-12 00:50:54,kala ko pa naman maganda kakalabasan pero sana ol manloloko isa na nga lang nakalagay na item babaan ko pa daw so ano yun zero dapat nonsense stupid app,2021-06,negative,0.8806387186050415,negative,-0.8806387186050415
12e68ea2-b05b-4f32-b44c-1b6b3c833e2d,Paulit ulit lang sa verification process. nakailang resend na lumalabas na ung email ko is verified na pero sa app di pa rin.,1,0,1.4.3,2021-06-12 00:42:02,paulit ulit lang sa verification process nakailang resend na lumalabas na ung email ko is verified na pero sa app di pa rin,2021-06,neutral,0.46477821469306946,neutral,0.0
7c6d404b-4480-42fe-b69c-770e65e634f0,Kung may ZERO lang talaga 😂😂😂😂,1,0,1.4.3,2021-06-12 00:39:39,kung may zero lang talaga ,2021-06,neutral,0.5258364081382751,neutral,0.0
62fb8e9a-622b-48bb-bb32-4b0bbaaaefda,walang kwenta kng kelan promo na ayaw na gumana ng apps sayang lng pila,1,0,1.4.3,2021-06-11 23:20:27,walang kwenta kng kelan promo na ayaw na gumana ng apps sayang lng pila,2021-06,negative,0.9163706302642822,negative,-0.9163706302642822
d958e159-d2c4-48ff-b576-121b31b7a122,freedom sale pa more! walang kwenta apura text tas sila pala di ready sayang oras! from limitless to limited!,1,0,1.4.3,2021-06-11 23:05:39,freedom sale pa more walang kwenta apura text tas sila pala di ready sayang oras from limitless to limited,2021-06,negative,0.8929845094680786,negative,-0.8929845094680786
2541a858-30e7-4521-903c-a64e0a70081f,"The app sale is fake. When its already time to purchase while on sale, the app is not available. When I was able to access the app, it tells me to lower the quantity since itbwill be sold oit soon, the quantity is 1! Sooo should I purchase nothing! Dont support this app, this is a total FAKE!",1,17,1.4.3,2021-06-11 22:59:16,the app sale is fake when its already time to purchase while on sale the app is not available when i was able to access the app it tells me to lower the quantity since itbwill be sold oit soon the quantity is  sooo should i purchase nothing dont support this app this is a total fake,2021-06,negative,0.9133136868476868,negative,-0.9133136868476868
ce04da22-4c05-4d60-ac20-4105fe066b9a,"Walang kwentang apps to, yung 100 pesos nga na points hindi ko magamit dahil sabi sa gasoline station sa Phoenix hindi daw sila marunog, tapos yung pakulo niyo today na voucher hindi din nagana yung apps, gumana na nung ubos na, inabangan ko pa naman kagabe yun bago mag 12mid night para pag saktong 12 magawa ko tapos biglang nag loko yung apps niyo, automatic uninstall ka sakin, next na pakulo mo hindi ko na paniniwalaan.",1,0,1.4.3,2021-06-11 22:30:38,walang kwentang apps to yung  pesos nga na points hindi ko magamit dahil sabi sa gasoline station sa phoenix hindi daw sila marunog tapos yung pakulo niyo today na voucher hindi din nagana yung apps gumana na nung ubos na inabangan ko pa naman kagabe yun bago mag mid night para pag saktong  magawa ko tapos biglang nag loko yung apps niyo automatic uninstall ka sakin next na pakulo mo hindi ko na paniniwalaan,2021-06,negative,0.8118183016777039,negative,-0.8118183016777039
41d32bb6-1a40-41a1-86e8-b47cbb8ab4b2,"limitless promo, limit talaga as in , wla p june 12 promo😁🤣 oos na",1,0,1.4.3,2021-06-11 22:13:30,limitless promo limit talaga as in  wla p june  promo oos na,2021-06,neutral,0.40831705927848816,neutral,0.0
1bb2cfa5-60f5-4999-8c7c-efb6ff2fb991,"The app is so slow,need enhancement.I missed the promo voucher coz this app crashed or lagged.😪",2,1,1.4.3,2021-06-11 22:05:32,the app is so slowneed enhancementi missed the promo voucher coz this app crashed or lagged,2021-06,negative,0.902006208896637,negative,-0.902006208896637
5e5e7e19-5987-4c96-b3e4-6b83de2b3c0d,"Freedom sale, so very cheap gas. But there's a twist, they won't let you buy until there is no stocks.🤣🤣🤣 Scam!😋😋🤣🤣",1,1,1.4.3,2021-06-11 21:25:55,freedom sale so very cheap gas but theres a twist they wont let you buy until there is no stocks scam,2021-06,negative,0.9128782749176025,negative,-0.9128782749176025
79c0a358-7135-451c-b2c0-f1b4db70bfd3,"trash app, fake promos 12am daw pero isng oras na wala naman.",1,0,1.4.3,2021-06-11 20:59:30,trash app fake promos am daw pero isng oras na wala naman,2021-06,negative,0.9056812524795532,negative,-0.9056812524795532
b2de13bb-07f3-4440-a442-d480801dbce3,Been trying to buy their voucher for almost 3 hours. And it's just been loading for eternity only to find out that I can't buy it anymore. Total waste of time 👎,1,4,1.4.3,2021-06-11 19:04:32,been trying to buy their voucher for almost  hours and its just been loading for eternity only to find out that i cant buy it anymore total waste of time ,2021-06,negative,0.9417937994003296,negative,-0.9417937994003296
2c7c27bb-6496-4210-8741-c2e0c67337c9,This App is useless... a channel for sale promos of Phoenix Petroleum but can't handle the bandwidth of user who wish to avail of said promos. people wasted their time and energy for nothing... should even be 0 star rating,1,0,1.4.3,2021-06-11 17:55:48,this app is useless a channel for sale promos of phoenix petroleum but cant handle the bandwidth of user who wish to avail of said promos people wasted their time and energy for nothing should even be  star rating,2021-06,negative,0.922044038772583,negative,-0.922044038772583
e8a37f76-0013-43a8-9d91-0c9bae69944a,Freedom sale!! Hindi naman gumana,1,0,1.4.3,2021-06-11 17:37:12,freedom sale hindi naman gumana,2021-06,neutral,0.3903798460960388,neutral,0.0
9c3c6d60-0a2b-4e06-a3e3-ad8ccd10ce10,Scam ung sale... 1 lng ata benenta...,1,0,1.4.3,2021-06-11 17:34:20,scam ung sale  lng ata benenta,2021-06,negative,0.9286392331123352,negative,-0.9286392331123352
3e978184-14c3-48c5-8a58-c64db0b486d1,Good service,5,0,1.4.3,2021-06-11 17:29:26,good service,2021-06,positive,0.6970431804656982,positive,0.6970431804656982
40ee3467-0f1f-4e47-9e5d-09c5e34bf78d,cool,5,0,1.4.2,2021-06-11 17:29:21,cool,2021-06,positive,0.4220041334629059,positive,0.4220041334629059
c302a405-a90f-46b4-b22c-ee9f4de4445a,A waste of time!,1,0,1.4.3,2021-06-11 17:11:23,a waste of time,2021-06,negative,0.9316253662109375,negative,-0.9316253662109375
17c9d0f3-5953-4884-bee4-acdd56b4804f,Walang kwenta. Papapromo pa kayo d naman nagloload. Isang oras mahigit nag antay. Nasayang lang ung oras kakahintay sa papromo Nyo. Ung independence promo Nyo naging April Fools. Dapat hindi limitless pangalan ng app Nyo. Dapat limitfull. Kakaloka,1,0,1.4.3,2021-06-11 17:10:59,walang kwenta papapromo pa kayo d naman nagloload isang oras mahigit nag antay nasayang lang ung oras kakahintay sa papromo nyo ung independence promo nyo naging april fools dapat hindi limitless pangalan ng app nyo dapat limitfull kakaloka,2021-06,negative,0.9358752369880676,negative,-0.9358752369880676
9f968309-0412-48e8-906f-4860b75adbd0,So slow,1,0,1.4.3,2021-06-11 17:08:59,so slow,2021-06,negative,0.7610891461372375,negative,-0.7610891461372375
a504afba-78b5-458c-b7c0-2f1025112b83,Slow apps reaction and cannot open quick. Need an improvement,1,0,1.4.3,2021-06-11 17:08:47,slow apps reaction and cannot open quick need an improvement,2021-06,negative,0.8899117708206177,negative,-0.8899117708206177
8596fa6e-8c6c-47c1-81cb-56310ecdb39b,"Loading, dami umasa hays",1,0,1.4.3,2021-06-11 16:58:25,loading dami umasa hays,2021-06,positive,0.527019202709198,positive,0.527019202709198
988f2c9a-172f-4037-916e-72327d342295,Walang kwenta app nyo! Putang ina nyo! Freedom sale ayaw magload..wala pang 12am 1 voucher nlng natira..ano inside job.mga kupal kayo!,1,0,1.4.3,2021-06-11 16:51:41,walang kwenta app nyo putang ina nyo freedom sale ayaw magloadwala pang am  voucher nlng natiraano inside jobmga kupal kayo,2021-06,negative,0.9457113146781921,negative,-0.9457113146781921
c1de2ef8-04f7-483c-a7c3-fabf6bc8bb74,SCAMMER for JUNE 12 Kalayaan pa!,1,0,1.4.3,2021-06-11 16:43:58,scammer for june  kalayaan pa,2021-06,negative,0.9465529918670654,negative,-0.9465529918670654
663e77f3-38bd-4495-83f0-07b1bbbf6045,"1st time user. Should avail promos at 12 mn, app is not opening.",2,0,1.4.3,2021-06-11 16:38:15,st time user should avail promos at  mn app is not opening,2021-06,neutral,0.4922232925891876,neutral,0.0
3e05ddca-242c-4f2b-adeb-e139d0d547d2,Wag kayo gumawa ng promo na papahirapan nio lang mga subcriber nio,1,0,,2021-06-11 16:37:19,wag kayo gumawa ng promo na papahirapan nio lang mga subcriber nio,2021-06,negative,0.8462594151496887,negative,-0.8462594151496887
ad4afa72-ad5b-4cc5-82c3-bcc5237ceff7,What happen continues loading and cannot open. What happen to your promotion of P12,1,0,1.4.3,2021-06-11 16:33:37,what happen continues loading and cannot open what happen to your promotion of p,2021-06,negative,0.7982766032218933,negative,-0.7982766032218933
86a9f2a8-bfce-46f5-a1db-d7df1f7ed98c,Im disappointed to your freedom sale e voucher when im ready to open my apps it cant not open what a shame to your apps limitless,1,1,1.4.3,2021-06-11 16:33:14,im disappointed to your freedom sale e voucher when im ready to open my apps it cant not open what a shame to your apps limitless,2021-06,negative,0.9618072509765625,negative,-0.9618072509765625
2d6807b6-95f2-4e13-997a-5093b47c0a95,Veeygood,5,0,1.4.3,2021-06-11 16:32:17,veeygood,2021-06,neutral,0.41361525654792786,neutral,0.0
3bfe51db-cf84-4188-a2c7-30ef09ab2529,"kung pwede lang na 0 star rating yun na sana pinili ko. you've wasted so much of people's time, energy, effort, money and madami pa dahil sa pa promo nyong di nyo naman napaghandaan. dpat nag expect kayo na madaming mag lload sa app by 12mn. do better.",1,0,1.4.3,2021-06-11 16:32:02,kung pwede lang na  star rating yun na sana pinili ko youve wasted so much of peoples time energy effort money and madami pa dahil sa pa promo nyong di nyo naman napaghandaan dpat nag expect kayo na madaming mag lload sa app by mn do better,2021-06,negative,0.7482478618621826,negative,-0.7482478618621826
9a5d3832-e9b1-4d62-b794-8c9456a56e49,"Useless app ever. When the promo is about to start it keeps on getting error andtry again. Lol, next time don't create a promo you can't handle. Duh",1,8,1.4.3,2021-06-11 16:30:48,useless app ever when the promo is about to start it keeps on getting error andtry again lol next time dont create a promo you cant handle duh,2021-06,negative,0.9317859411239624,negative,-0.9317859411239624
696a34c2-7358-41ad-b68e-9f83823c1050,"Fake promotion. I waited until midnight to grab one of their promotions/sales however even I have a good internet connection, the app keeps on loading.",1,2,1.4.3,2021-06-11 16:24:50,fake promotion i waited until midnight to grab one of their promotionssales however even i have a good internet connection the app keeps on loading,2021-06,negative,0.8841482996940613,negative,-0.8841482996940613
a0d541a7-63f7-49ab-9f04-0f5565f5b4f8,"""Oh no. Something went wrong. Please try again"" Useless app!!!",1,1,1.4.3,2021-06-11 16:23:13,oh no something went wrong please try again useless app,2021-06,negative,0.9358624815940857,negative,-0.9358624815940857
2758a132-2511-4d88-a74d-0ec67eaf4dbc,Loading only.cannot login during promos,1,1,1.4.3,2021-06-11 16:20:07,loading onlycannot login during promos,2021-06,negative,0.6274905204772949,negative,-0.6274905204772949
73f29e99-6122-468d-ab19-51a80cb92b76,"WHAT A WASTE!!! Very slow, waste of time waiting atleast 20secs for every click for able to load the page! You should do perf testing. Cant even login!!! Loading is very time consuming! Not convenient. Very dissapointing!",1,35,1.4.3,2021-06-11 16:18:17,what a waste very slow waste of time waiting atleast secs for every click for able to load the page you should do perf testing cant even login loading is very time consuming not convenient very dissapointing,2021-06,negative,0.9600303769111633,negative,-0.9600303769111633
b2485a58-b638-492f-a59a-76d525f60737,Scam limitless.,1,0,1.4.3,2021-06-11 16:17:49,scam limitless,2021-06,negative,0.9552133083343506,negative,-0.9552133083343506
8bb6177e-c1d9-4554-95f6-8132651670c5,SCAMMER!,1,0,1.4.3,2021-06-11 16:17:36,scammer,2021-06,negative,0.9185611605644226,negative,-0.9185611605644226
0dd4f7ac-977b-4251-bc7b-6509b1f73a29,anyari sa freedom sale nio?? loading lng ng loading ung app... nice strategy😥😥😥 uninstall ko na lng tong app...,1,0,,2021-06-11 16:16:06,anyari sa freedom sale nio loading lng ng loading ung app nice strategy uninstall ko na lng tong app,2021-06,positive,0.37101662158966064,positive,0.37101662158966064
96805f64-9d0e-4cd4-a0ea-05ce34022876,Sa freedom sale niyo nung nag afd to cart proceed to payment biglang loading hays nd maganda service niyo wag kayo mag sale kung ganyan din pangit ! Stable nman internet nmin . Useless itong app niyo,1,0,1.4.3,2021-06-11 16:14:50,sa freedom sale niyo nung nag afd to cart proceed to payment biglang loading hays nd maganda service niyo wag kayo mag sale kung ganyan din pangit  stable nman internet nmin  useless itong app niyo,2021-06,negative,0.8864521980285645,negative,-0.8864521980285645
5fa536e2-580e-4192-8e41-9e6589f7796b,Noob connection .. 👎👎👎 freedom sale 🤬😡🤬,1,0,1.4.3,2021-06-11 16:13:19,noob connection   freedom sale ,2021-06,negative,0.9499102234840393,negative,-0.9499102234840393
2b839d9b-3643-4619-8d53-018221e72b02,Your 6.12 flash sale is a scam.. I can't even log in to purchase evouchers.. Very disappointing.. I hope DTI investigate your promos that fools people.,1,3,1.4.3,2021-06-11 16:09:28,your  flash sale is a scam i cant even log in to purchase evouchers very disappointing i hope dti investigate your promos that fools people,2021-06,negative,0.9506551623344421,negative,-0.9506551623344421
06d10123-28a7-48a7-86e2-22ec60ebc029,Do not work this application,1,1,1.4.3,2021-06-11 16:08:56,do not work this application,2021-06,negative,0.8385933637619019,negative,-0.8385933637619019
6eae71f7-0080-4fa7-8ab7-c58e933dfec9,06/12/21 sale nice!!! Infinity loading!,1,1,1.4.3,2021-06-11 16:08:42, sale nice infinity loading,2021-06,positive,0.8862977623939514,positive,0.8862977623939514
f2d4040b-7e48-4785-b741-9e444c81bd0a,Useless app. Promo Phoenix fuel P500=12peso but i open this app 11:50pm only loading.. Nyahahaha walang kwentang promo isa n nga lang slot sa buong pilipinas dumating yung 12am loading pa din.. Manloloko ampoota nyahahaha.. Uninstall this app scammer..,1,2,1.4.3,2021-06-11 16:06:57,useless app promo phoenix fuel ppeso but i open this app pm only loading nyahahaha walang kwentang promo isa n nga lang slot sa buong pilipinas dumating yung am loading pa din manloloko ampoota nyahahaha uninstall this app scammer,2021-06,negative,0.9086720943450928,negative,-0.9086720943450928
155d5284-d625-4a6a-9b1f-cbb44be764a8,Bad app,1,1,1.4.3,2021-06-11 16:05:43,bad app,2021-06,negative,0.9138332605361938,negative,-0.9138332605361938
cdf84623-5bd9-44fa-b869-bee0bfa59713,Scam hayyst di na naka pasok sa app simula nung nag 11:50pm,1,1,1.4.3,2021-06-11 16:03:58,scam hayyst di na naka pasok sa app simula nung nag pm,2021-06,negative,0.8888260722160339,negative,-0.8888260722160339
692e2482-a3e4-4726-ab9c-efd6eef802ba,"You know limitless is good and helping in people. But why giving freedom sale 12 voucher and it will open later 12midnight. With limited voucher for 12 pcs. But what the hell it still not 12 midnight. And only 7 voucher left for pheonix e voucher 500. Your scamming people for a little voucher. Im excited for the first time but now, im disappointed to you guys. Additional wala pang 12 midnight tigisa nlng lahat ng voucher. Kahiya hiya kayo. Kayo kayo tao nyo sa limitless din kumuha ng voucher.",1,1,1.4.3,2021-06-11 14:20:09,you know limitless is good and helping in people but why giving freedom sale  voucher and it will open later midnight with limited voucher for  pcs but what the hell it still not  midnight and only  voucher left for pheonix e voucher  your scamming people for a little voucher im excited for the first time but now im disappointed to you guys additional wala pang  midnight tigisa nlng lahat ng voucher kahiya hiya kayo kayo kayo tao nyo sa limitless din kumuha ng voucher,2021-06,negative,0.8321089148521423,negative,-0.8321089148521423
d02990e8-9398-4e96-8b9c-66f4a1a00bc8,Try it and save more!,5,0,1.4.3,2021-06-11 12:40:28,try it and save more,2021-06,positive,0.6253782510757446,positive,0.6253782510757446
bef3c8c7-0805-4e28-841d-9b9d419d0220,So happy about the fuel coupon I used it on the time I really don't have money✌️,5,1,1.4.3,2021-06-11 12:31:45,so happy about the fuel coupon i used it on the time i really dont have money,2021-06,positive,0.774286687374115,positive,0.774286687374115
abcb7bbb-5110-470f-b966-73b5c0eb0c12,Very Good and very nice,5,0,1.4.3,2021-06-11 11:05:14,very good and very nice,2021-06,positive,0.8748653531074524,positive,0.8748653531074524
d6786b52-7e20-404d-8e59-fdb4f8146224,Very excellence,4,0,1.4.2,2021-06-11 10:58:52,very excellence,2021-06,positive,0.7251646518707275,positive,0.7251646518707275
5c352de0-ae0f-4abb-8651-45eb1d415011,User friendly...,5,0,1.3.1,2021-06-11 06:42:01,user friendly,2021-06,positive,0.5497860908508301,positive,0.5497860908508301
36cec346-aedc-4fcf-a572-8cff51931b1c,so nice,5,0,1.4.2,2021-06-11 03:05:45,so nice,2021-06,positive,0.6590365767478943,positive,0.6590365767478943
50cbf0d0-17d3-402a-9cb6-cdbbd76da242,Satisfy sa mga promo_,4,0,1.4.2,2021-06-11 01:05:29,satisfy sa mga promo,2021-06,positive,0.7951884269714355,positive,0.7951884269714355
329368e7-2c6f-4105-be56-ed4718ccea68,Very good,5,0,,2021-06-10 14:44:43,very good,2021-06,positive,0.7675232887268066,positive,0.7675232887268066
9109e8e2-1626-4a48-b18c-154065d3bca5,I want dis pero minsan nakakainis kc lagii kylangan update😕,5,0,,2021-06-10 13:35:40,i want dis pero minsan nakakainis kc lagii kylangan update,2021-06,negative,0.9154373407363892,negative,-0.9154373407363892
0532f9a6-fdc2-424b-b86b-c01f7145ba7d,ok lng,5,0,1.4.2,2021-06-10 13:34:32,ok lng,2021-06,neutral,0.37874123454093933,neutral,0.0
1a611cca-0b02-4ea9-961e-a4f264803ce2,Dis is good,1,0,,2021-06-10 13:21:46,dis is good,2021-06,positive,0.8609569072723389,positive,0.8609569072723389
8e173bfd-6931-473a-9c8e-2ea57fbf1dd5,Good,5,0,1.4.2,2021-06-10 10:32:05,good,2021-06,positive,0.4903799295425415,positive,0.4903799295425415
f0aed246-a188-4e2b-99e3-f40f5461143f,The best,5,0,1.4.2,2021-06-10 10:23:41,the best,2021-06,positive,0.7933427691459656,positive,0.7933427691459656
8bba68f3-1c21-4399-bc8f-9acf5110dd12,Verygood,5,0,1.4.2,2021-06-10 09:49:34,verygood,2021-06,positive,0.6881915330886841,positive,0.6881915330886841
ac3acbfc-ba52-41a1-894c-5678c0f34add,Astig,5,0,1.4.2,2021-06-10 09:09:53,astig,2021-06,positive,0.3878307342529297,positive,0.3878307342529297
42690f56-535f-4e46-9120-525beb791a9c,Always need an update..,1,0,1.4.1,2021-06-10 08:46:51,always need an update,2021-06,neutral,0.674936056137085,neutral,0.0
3b5fcd15-1d8b-4ab2-acb6-11da55b5d165,Very nice thanks,5,0,1.4.3,2021-06-10 07:25:16,very nice thanks,2021-06,positive,0.8586196303367615,positive,0.8586196303367615
ab4e0cad-515f-408c-845f-c9e79a6ae525,Rewards are awesome!,5,0,1.4.3,2021-06-10 05:34:42,rewards are awesome,2021-06,positive,0.9264600276947021,positive,0.9264600276947021
0164dc83-2526-4395-b45b-4ecbac8b6523,Nice,1,0,1.4.2,2021-06-09 21:59:48,nice,2021-06,positive,0.47395825386047363,positive,0.47395825386047363
5854ef47-8ea9-4887-a630-42ab151418a7,Cool,4,0,1.4.2,2021-06-09 10:51:50,cool,2021-06,positive,0.49128639698028564,positive,0.49128639698028564
78e77f55-d6a9-4efa-b65d-67a5d16aa347,Good,5,0,1.3.1,2021-06-09 09:09:48,good,2021-06,positive,0.4903799295425415,positive,0.4903799295425415
9cfa9f8a-27f9-42aa-ba78-fd67e9d8c2e8,Bad now Sent,4,0,1.4.2,2021-06-09 08:33:51,bad now sent,2021-06,negative,0.9166791439056396,negative,-0.9166791439056396
f312bbaa-3c24-46dd-bb4b-b8ef72b52df0,Veery good,5,0,1.4.2,2021-06-09 07:38:37,veery good,2021-06,positive,0.5026195049285889,positive,0.5026195049285889
67ed5dd8-1529-4217-9493-5a55b000523b,"I was about to use my Limitless Ph for the first time today but it prompted me to update the application. I clicked ""update"" only to find out that the app itself is already updated with the latest version. Therefore, I cannot proceed anywhere to use the app nor try to check my QR code. I uninstalled and re-installed the app again but same prompts. Sucks! Now, I'm planning never to use this app again.",1,49,1.4.2,2021-06-09 07:15:58,i was about to use my limitless ph for the first time today but it prompted me to update the application i clicked update only to find out that the app itself is already updated with the latest version therefore i cannot proceed anywhere to use the app nor try to check my qr code i uninstalled and reinstalled the app again but same prompts sucks now im planning never to use this app again,2021-06,negative,0.9000945687294006,negative,-0.9000945687294006
615485a9-2b72-4ebe-813f-59775b2f1995,its goos,5,0,1.4.2,2021-06-09 06:22:17,its goos,2021-06,positive,0.60573410987854,positive,0.60573410987854
7e176e51-d32d-4a5a-bbee-d3ce74887cfb,Ok,5,0,1.4.2,2021-06-09 05:53:21,ok,2021-06,neutral,0.45445236563682556,neutral,0.0
524eca31-706c-4eb8-ad67-d42b12898b52,Great app,5,0,,2021-06-09 05:18:56,great app,2021-06,positive,0.8528001308441162,positive,0.8528001308441162
0b128ae3-13e5-4348-adeb-62e2b16030e3,Why do I have to update every time I use this app,3,0,1.4.2,2021-06-09 03:58:11,why do i have to update every time i use this app,2021-06,negative,0.7889161109924316,negative,-0.7889161109924316
b188db8e-17f6-4d1f-8d3b-c89b2a3957c8,maganda siya lalo na pag may promo lagi ng coke🤣🤣🤣👍👍👍👌👌👌🎈🎈🎈🏅🏅🏅,5,0,1.4.3,2021-06-09 02:06:39,maganda siya lalo na pag may promo lagi ng coke,2021-06,positive,0.7976018786430359,positive,0.7976018786430359
567e539e-8f47-4b64-9afd-cb7dc64ce3f0,awesome,5,0,1.4.2,2021-06-09 01:12:42,awesome,2021-06,positive,0.6302850246429443,positive,0.6302850246429443
7209befa-72da-42a5-b83f-221f2da28569,Ok naman,5,0,1.4.3,2021-06-09 00:25:49,ok naman,2021-06,positive,0.4572088420391083,positive,0.4572088420391083
548efcae-68d9-44da-8ad8-b5d7c356adf7,Grest,5,0,1.4.2,2021-06-08 23:53:41,grest,2021-06,negative,0.3739173114299774,negative,-0.3739173114299774
d0d5bdb4-e7eb-4ed5-a613-8a09f4921cc1,Very nice,5,0,,2021-06-08 23:35:42,very nice,2021-06,positive,0.7373610138893127,positive,0.7373610138893127
d6f9c22e-8f70-441c-a0e5-62f9faddd618,Excellent,5,0,1.4.2,2021-06-08 22:59:31,excellent,2021-06,positive,0.5348658561706543,positive,0.5348658561706543
6fb8dddb-7ae3-4a14-b154-caf7e5e8041c,ok,5,0,1.4.2,2021-06-08 22:29:12,ok,2021-06,neutral,0.42623865604400635,neutral,0.0
337cb928-386b-4f38-868c-c7d3510d9950,great,5,0,1.1.4,2021-06-08 16:55:27,great,2021-06,positive,0.5717917680740356,positive,0.5717917680740356
b2c01f42-0c71-4220-abcf-138b4c4459be,"Nice app! Points, rewards and promos are all here! Keep it up!",5,1,1.4.2,2021-06-08 15:20:28,nice app points rewards and promos are all here keep it up,2021-06,positive,0.9220925569534302,positive,0.9220925569534302
554d91af-aac5-430c-b211-aa08b0bcddd3,Its easy to use,5,0,1.4.2,2021-06-08 15:09:39,its easy to use,2021-06,positive,0.5700288414955139,positive,0.5700288414955139
0120e7c3-4dd8-4e51-a89a-1e8e960d42af,nice,5,0,1.4.2,2021-06-08 15:04:51,nice,2021-06,positive,0.4518436789512634,positive,0.4518436789512634
94ce8464-8693-4de4-b360-182048b6c753,Wow,5,0,,2021-06-07 16:27:40,wow,2021-06,positive,0.4406508207321167,positive,0.4406508207321167
6dd1dab7-6d43-4c91-a3de-69f4392049ea,"This is the most NEEDY app ever. I always have to update every time I have to use the app - like weekly. You can't use the app unless you update. And it's beyond annoying. It doesn't really save you money. The ""freebies"" has nothing to do with saving money unless all you eat is from family mart. I would probably delete this app.",1,46,1.4.1,2021-05-29 08:45:28,this is the most needy app ever i always have to update every time i have to use the app  like weekly you cant use the app unless you update and its beyond annoying it doesnt really save you money the freebies has nothing to do with saving money unless all you eat is from family mart i would probably delete this app,2021-05,negative,0.946178138256073,negative,-0.946178138256073
da505fb7-9a22-4a65-bf7b-f2fcc5157992,very bad,1,0,1.4.2,2021-05-27 13:58:56,very bad,2021-05,negative,0.919098436832428,negative,-0.919098436832428
326b214f-8426-4434-9c61-accb862dd124,Useless this app now when i every open this app the apps is not supported device how can i used this app so nonsense,5,1,1.4.2,2021-05-27 02:46:55,useless this app now when i every open this app the apps is not supported device how can i used this app so nonsense,2021-05,negative,0.9249805808067322,negative,-0.9249805808067322
1d44c643-ca2c-4011-a6de-0db68d459852,Good,5,0,1.4.2,2021-05-27 01:26:28,good,2021-05,positive,0.4903799295425415,positive,0.4903799295425415
fba40dee-31ac-4179-a390-1e74919b2a2a,Nice,4,0,1.4.1,2021-05-25 06:05:49,nice,2021-05,positive,0.47395825386047363,positive,0.47395825386047363
65e08177-0687-4b9e-b253-030f4ae25f49,"Why still verification on gmail account, im always click the verify but you didnt send any link or follow up procedure on my gmail. Nonsense😡😡😡",1,10,1.4.2,2021-05-24 17:17:19,why still verification on gmail account im always click the verify but you didnt send any link or follow up procedure on my gmail nonsense,2021-05,negative,0.9093101620674133,negative,-0.9093101620674133
79f2fa5b-d385-4857-a13d-b564c654c993,Not user friendly. I have difficulty on logging in my account. Every updates you are requiring to login your account.,2,5,1.4.2,2021-05-23 14:22:05,not user friendly i have difficulty on logging in my account every updates you are requiring to login your account,2021-05,negative,0.8944458961486816,negative,-0.8944458961486816
e02a0743-3899-4096-bab6-77a5a3c53e5f,Your service is so suck! Especially in parañque,1,0,1.4.2,2021-05-22 08:08:57,your service is so suck especially in paraque,2021-05,negative,0.9580691456794739,negative,-0.9580691456794739
e77800fe-c1b7-4f03-819b-2b2d83f11a05,Ilang araw na ayaw parin ma update,3,0,1.4.1,2021-05-22 06:14:39,ilang araw na ayaw parin ma update,2021-05,negative,0.7839502096176147,negative,-0.7839502096176147
8a274198-aa15-4718-b3af-f2245f6aef6d,A great App Rewards Points.,5,0,1.4.2,2021-05-21 13:54:57,a great app rewards points,2021-05,positive,0.9109287261962891,positive,0.9109287261962891
70fc53ef-7af5-4b84-a7fe-2ef041e383dc,The best,5,0,1.4.1,2021-05-20 23:15:52,the best,2021-05,positive,0.7933427691459656,positive,0.7933427691459656
be2e16a6-8a07-4811-94c9-3b3aef57e167,Great,5,0,1.4.1,2021-05-20 12:21:58,great,2021-05,positive,0.7110204696655273,positive,0.7110204696655273
ebdc7d77-558c-4265-8db6-56d44305c373,the app itself is useful if your always buying at the Family Mart. why is there a limit in points earned? pls. remove the limit and the QR code should be up front upon opening the app,2,18,1.4.2,2021-05-20 07:15:48,the app itself is useful if your always buying at the family mart why is there a limit in points earned pls remove the limit and the qr code should be up front upon opening the app,2021-05,negative,0.7413090467453003,negative,-0.7413090467453003
3ac42c57-692f-4706-bbe8-f33c5c1051a0,Excellent Apps Efficient and effective,5,0,1.4.1,2021-05-20 02:06:59,excellent apps efficient and effective,2021-05,positive,0.8577579855918884,positive,0.8577579855918884
d5555fab-151f-42af-83b7-8193d64aa092,I collect rewards because of this app,5,0,1.4.1,2021-05-20 00:56:10,i collect rewards because of this app,2021-05,positive,0.7031969428062439,positive,0.7031969428062439
516583c8-c2d2-4406-9b66-2e8c4f99679a,WOW,5,0,1.4.1,2021-05-20 00:18:05,wow,2021-05,positive,0.4902479946613312,positive,0.4902479946613312
b1c32a50-9d96-4772-b5a4-5f3d2974415f,nice,5,0,,2021-05-18 08:09:38,nice,2021-05,positive,0.4518436789512634,positive,0.4518436789512634
4792eb9e-284a-411e-a2c5-af3571f5ccaa,"this app should be rename to LIMITED not LIMITLESS theres always a LIMIT,, DAILY AND MONTH LIMIT ON EARNING POINT,LIMIT ON REDEEMING REWARD.. WHERES THE LIMITLESS HERE? TRASH APP",1,7,1.4.1,2021-05-14 19:00:10,this app should be rename to limited not limitless theres always a limit daily and month limit on earning pointlimit on redeeming reward wheres the limitless here trash app,2021-05,negative,0.9067003130912781,negative,-0.9067003130912781
2354e870-3af5-4ff4-8f33-2bcc189bb667,"This app should be named ""Useless"".",1,1,1.4.1,2021-04-29 23:15:39,this app should be named useless,2021-04,neutral,0.5296491384506226,neutral,0.0
57c88e4d-2380-4881-b1ea-5abcc4b61b4e,ao nice,5,0,,2021-04-28 14:44:12,ao nice,2021-04,positive,0.5553476810455322,positive,0.5553476810455322
42e868d2-06a0-49be-ba98-00b2cc3f67f5,Very very ok ok to.,5,0,1.4.0,2021-04-20 00:49:12,very very ok ok to,2021-04,positive,0.6667724251747131,positive,0.6667724251747131
aac1ee24-0cba-40c3-927b-b995a9b187ef,This is so nice,5,1,1.4.0,2021-04-18 07:32:58,this is so nice,2021-04,positive,0.9230825901031494,positive,0.9230825901031494
197ae2fe-900d-4e4b-aafb-0be4279cabb8,Awesome,5,0,1.4.1,2021-04-18 06:40:22,awesome,2021-04,positive,0.7332897782325745,positive,0.7332897782325745
e79ebf3c-79b5-424a-a50a-feb6fe4876ad,All good. Sana magtagal kayo.,5,0,1.4.1,2021-04-18 00:28:11,all good sana magtagal kayo,2021-04,positive,0.7830850481987,positive,0.7830850481987
7bbb6058-9e36-462f-bfdc-d27b4ff5d07f,Nice,5,0,1.4.0,2021-04-17 03:36:34,nice,2021-04,positive,0.47395825386047363,positive,0.47395825386047363
1bfa98cb-19f3-4351-9f80-06ca1c7785ff,Very nice apps,5,0,,2021-04-17 02:24:46,very nice apps,2021-04,positive,0.8480674028396606,positive,0.8480674028396606
9b04c432-4f49-47d4-85c1-fd093ef3cf42,Nice,5,0,1.4.0,2021-04-16 07:27:12,nice,2021-04,positive,0.47395825386047363,positive,0.47395825386047363
cb12e5cb-b0ed-4a2b-b711-492e03d3e2e9,Very useful ..easy to use,5,5,1.4.0,2021-04-15 22:16:58,very useful easy to use,2021-04,positive,0.7835655212402344,positive,0.7835655212402344
7577aaca-397a-4cdb-af79-5f054c438213,Quality,5,0,1.4.1,2021-04-15 16:41:50,quality,2021-04,neutral,0.3773902952671051,neutral,0.0
df937f44-89f6-40c6-9f04-fabd23a6e537,Great good not bad because its good that's why it's not bad owraaayyyttt rock en roll to worl wide web,5,2,1.4.0,2021-03-27 08:46:46,great good not bad because its good thats why its not bad owraaayyyttt rock en roll to worl wide web,2021-03,positive,0.7064170837402344,positive,0.7064170837402344
cc44be4c-b4bd-4523-be60-97ec5a387cb2,Lucky easy to use. Earn cash,5,2,1.3.2,2021-03-25 07:25:07,lucky easy to use earn cash,2021-03,positive,0.6695755124092102,positive,0.6695755124092102
a58239da-18d0-4203-8a8e-750230511410,Thankyou limitless for free vouchers gas and food 😊,5,2,,2021-03-24 05:53:23,thankyou limitless for free vouchers gas and food ,2021-03,positive,0.8344952464103699,positive,0.8344952464103699
c860e97f-cbbc-427e-8804-24627bfea846,👍,5,1,1.4.0,2021-03-24 02:24:48,,2021-03,positive,0.5846458077430725,positive,0.5846458077430725
8dff2138-afa2-4897-8f24-beed92fbdbf6,Nice,5,0,1.3.2,2021-03-23 16:13:35,nice,2021-03,positive,0.47395825386047363,positive,0.47395825386047363
d983407d-9809-4a4b-a91d-70dae6134520,easy cool,5,1,1.3.2,2021-03-23 15:05:44,easy cool,2021-03,positive,0.4862276315689087,positive,0.4862276315689087
c01d53bc-a819-4106-8a21-c6d4275a42b6,Good,5,1,1.3.2,2021-03-16 04:12:23,good,2021-03,positive,0.4903799295425415,positive,0.4903799295425415
832fb6a2-236a-463b-98c6-208caca601f9,good service to my experience,5,3,1.3.2,2021-03-09 13:47:42,good service to my experience,2021-03,positive,0.5594330430030823,positive,0.5594330430030823
dc8a64f3-5ac6-4c21-be80-61a0006eeed3,Cannot log in even though I entered my registered email address or mobile number,1,40,1.3.2,2021-03-02 09:37:09,cannot log in even though i entered my registered email address or mobile number,2021-03,negative,0.7291243076324463,negative,-0.7291243076324463
7497c5b8-c6d1-41da-b935-187d7ac6371e,So very well,5,2,1.3.1,2021-02-25 01:55:46,so very well,2021-02,positive,0.6922463178634644,positive,0.6922463178634644
c4a53ba6-6df8-4659-9893-dca6fbd6bd0a,intuitive app and conveniently rewarding.,5,25,1.3.2,2021-02-22 16:55:31,intuitive app and conveniently rewarding,2021-02,positive,0.8237557411193848,positive,0.8237557411193848
17ab062a-0de3-4706-b629-8c1437734376,"I haven't experience, but i hope its a nice apps for those people gas on your company 😊⛽🙏",5,3,,2021-02-22 09:11:41,i havent experience but i hope its a nice apps for those people gas on your company ,2021-02,positive,0.7043688893318176,positive,0.7043688893318176
c6bf9f6b-7d96-4c47-a41b-55eae9ac9717,hindi ako makapag log in anyare,2,1,1.3.2,2021-02-21 11:14:21,hindi ako makapag log in anyare,2021-02,negative,0.8487372398376465,negative,-0.8487372398376465
74a094fb-8d19-4402-a91f-bb69a5d012c8,Ok,4,0,1.3.1,2021-02-20 10:45:02,ok,2021-02,neutral,0.45445236563682556,neutral,0.0
f6030080-4f22-44c1-ae35-528c4f242a48,nice,5,2,1.3.2,2021-02-17 23:54:09,nice,2021-02,positive,0.4518436789512634,positive,0.4518436789512634
f6d81e73-b852-490e-b2c9-bd5d2e89e4b2,Great,5,1,1.3.1,2021-02-17 08:14:48,great,2021-02,positive,0.7110204696655273,positive,0.7110204696655273
5f1691b7-07fd-468c-a9ab-92945fc83a29,Great,5,2,1.3.2,2021-02-16 15:41:46,great,2021-02,positive,0.7110204696655273,positive,0.7110204696655273
2956c6c2-a16e-4106-aac7-78345591cc12,Great 👍,5,1,1.3.1,2021-02-16 01:06:54,great ,2021-02,positive,0.8243910074234009,positive,0.8243910074234009
e7cca312-a536-447e-88cd-cb8310b8c23f,great innovation.,4,1,1.3.1,2021-02-16 00:13:21,great innovation,2021-02,positive,0.8773120045661926,positive,0.8773120045661926
2c74870c-dec2-4ee5-bfab-878f565c417f,Enjoy using this app,5,2,1.3.1,2021-02-15 13:32:04,enjoy using this app,2021-02,positive,0.8741863369941711,positive,0.8741863369941711
1fc66f07-7d2d-4e43-a3d5-0930fd9d46c8,Amazing 😅,4,1,1.3.1,2021-02-15 11:33:44,amazing ,2021-02,positive,0.7311502695083618,positive,0.7311502695083618
ba4f5718-0e21-455f-85c5-152f59d80b51,Ilove it,5,0,,2021-02-14 16:02:00,ilove it,2021-02,positive,0.796844482421875,positive,0.796844482421875
020125e1-398b-4691-a3c4-873f6cea9c01,Nice app,5,0,1.3.1,2021-02-14 11:58:41,nice app,2021-02,positive,0.706652045249939,positive,0.706652045249939
90d4460d-dabe-4199-8425-7f81dddd1b73,Good,5,2,1.3.1,2021-02-13 03:28:50,good,2021-02,positive,0.4903799295425415,positive,0.4903799295425415
8410a3b0-8975-4f9a-aa7d-12c7c469203b,Great,5,1,1.3.1,2021-02-12 03:47:11,great,2021-02,positive,0.7110204696655273,positive,0.7110204696655273
8b254295-7bd2-47ec-a393-11f7e3b59ecd,I already updated then the app says update the app omg App bug I think,1,1,1.3.1,2021-02-12 01:19:08,i already updated then the app says update the app omg app bug i think,2021-02,negative,0.8433045148849487,negative,-0.8433045148849487
84224aed-92b5-436d-b144-e2a7ebff53a6,Verry good,5,0,,2021-02-12 00:29:11,verry good,2021-02,positive,0.8252060413360596,positive,0.8252060413360596
7851d3f5-325c-4999-822d-d9cdb51628de,Limitless is so easy to use and more free voucher for my Gas and Food. Thank you Limitless more power and Godbless!,5,43,1.3.2,2021-02-12 00:27:14,limitless is so easy to use and more free voucher for my gas and food thank you limitless more power and godbless,2021-02,positive,0.8790193200111389,positive,0.8790193200111389
a41ff40c-8d0a-429a-87e7-6d19eca1fef8,"OTP not received even if number is accurate. retried, otp received after sometime and is already expired upon use",1,20,1.3.1,2021-02-09 04:06:59,otp not received even if number is accurate retried otp received after sometime and is already expired upon use,2021-02,negative,0.6160387396812439,negative,-0.6160387396812439
3acfbeec-91ce-4fac-9b28-b532e9f33c00,Awesome,5,0,,2021-02-05 23:02:09,awesome,2021-02,positive,0.7332897782325745,positive,0.7332897782325745
cd2a7f16-6d9b-4370-b69c-b0ad8e4ab989,Ok,5,1,1.3.1,2021-01-22 11:14:04,ok,2021-01,neutral,0.45445236563682556,neutral,0.0
1152674d-2537-4533-a560-8c80e164ef71,Why my device isnt supported anymore??,1,4,1.3.1,2021-01-12 08:32:53,why my device isnt supported anymore,2021-01,negative,0.8160485625267029,negative,-0.8160485625267029
3396dbda-7d83-4338-999e-05381450d3b7,Great deals all the time,5,14,1.3.1,2020-12-28 03:27:19,great deals all the time,2020-12,positive,0.9202332496643066,positive,0.9202332496643066
d25ca73a-fa2d-4f28-890d-b980fc6ff447,It's nice,4,0,,2020-12-28 01:27:09,its nice,2020-12,positive,0.8294180631637573,positive,0.8294180631637573
23367976-d2a2-427d-bbe5-11eb3e60171e,fast service,5,1,1.3.0,2020-12-28 00:28:56,fast service,2020-12,neutral,0.4622986614704132,neutral,0.0
2c2ab6d0-666f-47ca-b9a8-2b275cfe03e4,"Your Dec 28, 2020 promo is a HOAX!!! I will never used to waste my time again just to be fooled!!!",1,3,,2020-12-27 18:20:06,your dec   promo is a hoax i will never used to waste my time again just to be fooled,2020-12,negative,0.9283609986305237,negative,-0.9283609986305237
3d48fab5-9400-427e-9386-47684c2c6431,Not available for Huawei appgallery,2,3,1.3.1,2020-12-27 15:57:23,not available for huawei appgallery,2020-12,negative,0.5656448602676392,negative,-0.5656448602676392
6001b9d3-c9a2-4478-a9bd-ac63377e9fee,Awesome thanks,5,0,,2020-12-24 01:20:22,awesome thanks,2020-12,positive,0.8567990660667419,positive,0.8567990660667419
4076946e-56ce-425a-b5a9-ef38742d7523,Good,5,1,1.3.0,2020-12-23 22:47:49,good,2020-12,positive,0.4903799295425415,positive,0.4903799295425415
2d903afc-ce77-4a7d-ac8d-50081011d02b,Very good,4,2,1.1.6,2020-11-28 02:18:20,very good,2020-11,positive,0.7675232887268066,positive,0.7675232887268066
19e39007-da2a-41b2-8222-01a71ece7084,ok,5,1,1.1.6,2020-11-27 05:25:17,ok,2020-11,neutral,0.42623865604400635,neutral,0.0
a7151a03-cd61-47b4-a869-643ce759bd63,Very convinient and affordable.,5,21,1.3.0,2020-11-25 13:52:04,very convinient and affordable,2020-11,positive,0.8475638628005981,positive,0.8475638628005981
850d55cc-6633-4296-827b-9aba49070704,excellent,5,1,1.1.6,2020-11-20 14:24:34,excellent,2020-11,positive,0.5366027355194092,positive,0.5366027355194092
8632572d-bf20-4336-9570-37e8589e31cf,Enjoyed my phoenix super lpg voucher. Thanks limitless! Looking forward to a family mart soon here in Bacolod. 😊😊😊😊,5,5,1.1.6,2020-11-19 06:46:27,enjoyed my phoenix super lpg voucher thanks limitless looking forward to a family mart soon here in bacolod ,2020-11,positive,0.9171075224876404,positive,0.9171075224876404
6092d348-072f-4eb8-9ebb-7b065c656f28,How come that my account is closed? I have a lot of points already. Do you have a hotline?,2,2,1.1.6,2020-10-11 01:36:52,how come that my account is closed i have a lot of points already do you have a hotline,2020-10,negative,0.7924169301986694,negative,-0.7924169301986694
90de70ba-6d4f-4eff-ab54-e8888f162d6c,Very good,5,1,1.1.5,2020-09-30 05:27:26,very good,2020-09,positive,0.7675232887268066,positive,0.7675232887268066
b3304fe8-99bc-46af-bb87-40a74448c10d,Great app!,5,0,1.1.3,2020-09-29 14:22:12,great app,2020-09,positive,0.9168453812599182,positive,0.9168453812599182
18df837d-8c96-4a7d-8cf3-347eaadca256,i got free fuel,5,3,1.1.5,2020-09-26 02:25:31,i got free fuel,2020-09,neutral,0.5237235426902771,neutral,0.0
27fa8676-6e4d-4ce5-8c9c-3dad473a0f8b,They removed the spin-a-wheel game in the updated version. Goodbye excitement! Goodbye app!,1,20,1.1.6,2020-09-25 21:09:29,they removed the spinawheel game in the updated version goodbye excitement goodbye app,2020-09,negative,0.9197030663490295,negative,-0.9197030663490295
7a8e072b-79ac-404e-b68a-87fea812ae2e,The game disappered when I updated my app.. that is not good.,1,1,1.1.6,2020-09-25 12:08:13,the game disappered when i updated my app that is not good,2020-09,negative,0.9426171183586121,negative,-0.9426171183586121
6f482948-932b-4abb-99ad-503e262b7c32,1 of the most generous app i ever use. Bait pa ng cashier sa Phoenix Fuel Malolos Branch! Thank you Limitless! Napakalaking tulong po nito..,5,13,1.1.6,2020-09-25 03:51:23, of the most generous app i ever use bait pa ng cashier sa phoenix fuel malolos branch thank you limitless napakalaking tulong po nito,2020-09,positive,0.8808289766311646,positive,0.8808289766311646
8e733b04-2829-415f-ae0d-4b5e7fb36dd1,Play not working,3,2,1.1.5,2020-09-20 17:47:42,play not working,2020-09,negative,0.7289485931396484,negative,-0.7289485931396484
f736443a-ea3f-423b-b8b3-9dc617918147,Bkit hindi na malaro ang spin a wheel,3,2,1.1.5,2020-09-20 17:04:08,bkit hindi na malaro ang spin a wheel,2020-09,neutral,0.4746336042881012,neutral,0.0
1b687b77-0428-44ff-949b-ae29d2e542b6,good,5,0,1.1.5,2020-09-05 04:31:38,good,2020-09,positive,0.43150457739830017,positive,0.43150457739830017
d1632777-8a65-4c5a-9040-64a6e6851cd0,very helpful sa katulad naming mahihirap.,5,0,1.1.4,2020-08-22 18:42:47,very helpful sa katulad naming mahihirap,2020-08,positive,0.5900055170059204,positive,0.5900055170059204
f63fd050-711b-4376-9633-1c28276d009b,😁👍,3,1,1.1.5,2020-08-22 00:30:48,,2020-08,positive,0.6246216893196106,positive,0.6246216893196106
e78f5e11-6add-463d-8b14-366459d337a4,Worked smoothly here in alabang zapote,5,3,,2020-08-18 11:20:16,worked smoothly here in alabang zapote,2020-08,positive,0.7440285086631775,positive,0.7440285086631775
b66f148a-8906-4bae-934c-e97b8f3fa935,"Why does it say ""This device is not supported""? It wasn't like before, what is going on?",1,5,1.1.4,2020-08-18 03:03:00,why does it say this device is not supported it wasnt like before what is going on,2020-08,negative,0.8301742076873779,negative,-0.8301742076873779
ebf0ee84-91f9-4ea1-8be4-fa7b281c720d,Ok,5,1,1.1.4,2020-08-07 05:30:56,ok,2020-08,neutral,0.45445236563682556,neutral,0.0
bda9844b-aa20-4e52-98ce-ebea699fff7f,i cannot open my account,5,3,1.1.4,2020-08-05 01:40:07,i cannot open my account,2020-08,negative,0.8655486106872559,negative,-0.8655486106872559
2ab1a783-3122-4907-9018-8a9c454b4ca6,Good,5,1,,2020-07-28 04:20:25,good,2020-07,positive,0.4903799295425415,positive,0.4903799295425415
23c70a5c-8e29-4985-adad-c4b75b727769,"Help me a lot ,good",5,3,1.1.2,2020-07-27 16:54:06,help me a lot good,2020-07,positive,0.7467414736747742,positive,0.7467414736747742
2f419b2e-73f7-4af9-8092-675338c5124e,Happy,5,2,,2020-07-25 02:35:58,happy,2020-07,positive,0.4437260329723358,positive,0.4437260329723358
7190ff5f-3e1f-4346-8211-91f63b7ba0c1,So fun,5,1,1.1.3,2020-07-20 07:10:22,so fun,2020-07,positive,0.7613109350204468,positive,0.7613109350204468
b9ac7f01-d134-445b-a2c1-cc6cac0c25db,The best app.,5,3,1.1.2,2020-07-15 06:37:47,the best app,2020-07,positive,0.9259036183357239,positive,0.9259036183357239
5790f141-ece8-48d6-861c-f8a74af3a4b8,NAPAKA WALANG KWENTANG APP PURO BETTERLUCKTOMORROW WAG NA IDOENLOAD NDI NAMAN NAKAKATULONG!! 3 ACVOUNT NAMIN WALA MAN LANG!!!,1,1,1.1.3,2020-07-10 01:12:05,napaka walang kwentang app puro betterlucktomorrow wag na idoenload ndi naman nakakatulong  acvount namin wala man lang,2020-07,negative,0.859229326248169,negative,-0.859229326248169
83a77e4a-8e2c-458b-8670-85a4a355e676,thanks for share blessing,5,4,1.1.3,2020-07-04 15:50:31,thanks for share blessing,2020-07,positive,0.7183520197868347,positive,0.7183520197868347
821bf590-5e32-440f-bbec-14601e32b3e9,Awesome!!!,5,0,1.1.2,2020-07-04 10:40:32,awesome,2020-07,positive,0.8745567798614502,positive,0.8745567798614502
4906deff-1508-4bf9-9a43-4b2ccb55bcf5,Wala Naman ung free gas 😔😔😔,1,1,1.1.3,2020-07-03 12:47:04,wala naman ung free gas ,2020-07,negative,0.9033549427986145,negative,-0.9033549427986145
d58a153a-c9bf-4691-adb3-6345494c6725,Works only in selected area,2,13,1.1.3,2020-07-03 02:59:37,works only in selected area,2020-07,neutral,0.787810206413269,neutral,0.0
3d3bd8f6-d4be-4229-bdea-86e7e696db0f,Not accept on Davao City I hit dz app,1,2,1.1.2,2020-07-03 01:31:17,not accept on davao city i hit dz app,2020-07,negative,0.713893711566925,negative,-0.713893711566925
12ec46d9-fe99-4ccb-b340-e3105295a0cc,The Best App!,5,3,1.1.3,2020-07-02 14:22:51,the best app,2020-07,positive,0.9216586351394653,positive,0.9216586351394653
04c85096-d024-4b96-9cc7-e0d27cb4be08,Thank you limitless👍👍👍,5,3,1.1.2,2020-07-02 10:16:34,thank you limitless,2020-07,positive,0.8677098155021667,positive,0.8677098155021667
b3889b7c-c81f-4644-a810-b20fe28d4d0a,Ok,5,0,1.1.3,2020-07-01 16:45:41,ok,2020-07,neutral,0.45445236563682556,neutral,0.0
0ffc285c-ba9a-48eb-a2c0-679a47023557,Like khit Hindi makaclaim,5,3,,2020-07-01 13:21:13,like khit hindi makaclaim,2020-07,negative,0.7926334142684937,negative,-0.7926334142684937
eb8b9b7b-dc60-46bb-99b8-893381e8d7bd,Phoenix and limitless,1,2,1.1.2,2020-07-01 11:02:57,phoenix and limitless,2020-07,neutral,0.5124322772026062,neutral,0.0
332ede4b-35cb-4432-a181-fa4f46634a74,Galing lupet,5,9,1.1.2,2020-07-01 10:38:06,galing lupet,2020-07,positive,0.5327864289283752,positive,0.5327864289283752
9b5022b2-5f37-4737-992e-529ffb9b767a,Its so very nice,5,2,1.1.2,2020-07-01 10:37:27,its so very nice,2020-07,positive,0.8750038743019104,positive,0.8750038743019104
40004d4c-79e1-4df7-a2b2-0b1e2fca133a,5 stars rated,5,1,,2020-07-01 05:52:19, stars rated,2020-07,positive,0.6862845420837402,positive,0.6862845420837402
ac7678c2-82b7-457a-9238-57613fcaa05c,Does referring person with my unique referral code grant me a reward or points?,3,2,1.1.2,2020-07-01 02:02:25,does referring person with my unique referral code grant me a reward or points,2020-07,neutral,0.6811476945877075,neutral,0.0
193ce88b-6d56-4b0e-b5e1-27071595d0d8,Sobra galing,5,1,,2020-06-30 21:40:41,sobra galing,2020-06,positive,0.7927054166793823,positive,0.7927054166793823
43b63167-79f5-48a2-a399-0a65e7fb33db,Sana may widget siya. 👍,4,0,1.1.2,2020-06-30 13:16:43,sana may widget siya ,2020-06,positive,0.6550012826919556,positive,0.6550012826919556
bad1acad-0e3c-48a7-bfaf-11ab87b23ef3,Nice apps i love it,5,2,1.1.2,2020-06-30 07:03:07,nice apps i love it,2020-06,positive,0.9111378192901611,positive,0.9111378192901611
5ac374a1-6c53-4007-aafb-8f695318af2e,WOW 😍,5,1,1.1.1,2020-06-30 01:59:28,wow ,2020-06,positive,0.8007564544677734,positive,0.8007564544677734
59137d2a-d734-4002-a904-4fcd866322dd,Phoenix camarin balasubas papapilahin k ng matagal tapos ssabihin walang redeem tapos first 30 biglang sasabhin 20 lang daw,3,1,1.1.2,2020-06-29 23:27:22,phoenix camarin balasubas papapilahin k ng matagal tapos ssabihin walang redeem tapos first  biglang sasabhin  lang daw,2020-06,negative,0.6212022304534912,negative,-0.6212022304534912
52d50f2c-3412-463b-b531-fee2fd6210ed,Thankyou Phoenix for this application of yours! #wesupport,5,3,1.1.2,2020-06-29 15:40:06,thankyou phoenix for this application of yours wesupport,2020-06,positive,0.9153333306312561,positive,0.9153333306312561
63348e86-2ecc-41ed-8c1f-ac43a50618de,Maraming salamat po sa app nato!! #WeSupport,5,2,1.1.2,2020-06-29 15:38:08,maraming salamat po sa app nato wesupport,2020-06,positive,0.9160484075546265,positive,0.9160484075546265
b3c43308-2f40-49f0-995d-dc0f63cffd87,MARAMING SALAMAT PO PHOENIX SA PROGRAM NIYO NA LIMITLESS! ❤️ #Wesupport,5,1,1.1.2,2020-06-29 15:38:03,maraming salamat po phoenix sa program niyo na limitless  wesupport,2020-06,positive,0.9163593053817749,positive,0.9163593053817749
e4f85818-f07e-4b01-9e9d-c8c86c8c34c8,"Bessst app ever, nag DL ka lang may free naagad! 😍 #wesupport",5,21,1.1.2,2020-06-29 15:38:00,bessst app ever nag dl ka lang may free naagad  wesupport,2020-06,positive,0.8523702621459961,positive,0.8523702621459961
8b0a4547-6538-42ad-a08e-43eeccc96599,This is pretty awesome,5,4,1.1.2,2020-06-29 13:28:37,this is pretty awesome,2020-06,positive,0.9332211017608643,positive,0.9332211017608643
6d7822da-38f0-42d9-ae3f-3b480a1a63e1,Ok,5,2,1.1.2,2020-06-29 12:10:43,ok,2020-06,neutral,0.45445236563682556,neutral,0.0
f3c8f314-2f13-4c92-9a15-1e90f7563f8d,Great!,5,1,1.1.2,2020-06-29 11:44:05,great,2020-06,positive,0.8586522340774536,positive,0.8586522340774536
0acac2f7-d805-4490-b0ff-f63ba5f3d5e7,Good and Safe,5,3,1.1.2,2020-06-29 11:23:58,good and safe,2020-06,positive,0.7521379590034485,positive,0.7521379590034485
426e17e2-0395-435a-bd8d-5c90dcf539a7,Nice,5,2,,2020-06-29 09:01:44,nice,2020-06,positive,0.47395825386047363,positive,0.47395825386047363
d54df0f4-ce9b-49ee-b710-292ca8072b2f,Nice Gas,5,2,,2020-06-29 07:13:09,nice gas,2020-06,positive,0.661303699016571,positive,0.661303699016571
fa09a855-4c9d-4cf0-b71c-000ed9e158a1,"Always requires to log in daily, please fix",3,23,1.1.2,2020-06-28 22:48:47,always requires to log in daily please fix,2020-06,negative,0.8207942247390747,negative,-0.8207942247390747
db328a99-c6cb-4a82-adfe-c6766b753c81,Very nice,5,1,1.1.2,2020-06-28 13:54:43,very nice,2020-06,positive,0.7373610138893127,positive,0.7373610138893127
d32bc9fd-bed1-43b3-97df-c70dcfe4874c,Bulok bents nyo to,1,1,1.1.2,2020-06-28 00:56:23,bulok bents nyo to,2020-06,negative,0.916950523853302,negative,-0.916950523853302
d7edaf49-e9e7-4637-bfda-425703663fba,Very good,5,1,1.1.2,2020-06-27 23:41:50,very good,2020-06,positive,0.7675232887268066,positive,0.7675232887268066
a7034505-19c7-4e0c-8d46-5923c4010a9d,I reaaaaallly like this app its really cool!!,5,9,,2020-06-27 05:19:49,i reaaaaallly like this app its really cool,2020-06,positive,0.9284707903862,positive,0.9284707903862
ec6fbd4b-9643-4b70-ade2-7c79b347509b,Best app i ever had,5,25,1.1.2,2020-06-26 10:29:29,best app i ever had,2020-06,positive,0.8729597330093384,positive,0.8729597330093384
76d0eba1-cec7-4775-bb0d-ddf870b8fcb9,Cannot dl,5,5,,2020-06-25 22:00:35,cannot dl,2020-06,negative,0.8348503708839417,negative,-0.8348503708839417
9748a654-c3b4-416a-ab32-97b751a4393e,Very helpul,5,4,1.1.1,2020-06-25 00:20:49,very helpul,2020-06,positive,0.49169254302978516,positive,0.49169254302978516
ffd2256c-56bd-438a-a672-6be917f5ff1b,nice,5,5,,2020-06-23 13:02:44,nice,2020-06,positive,0.4518436789512634,positive,0.4518436789512634
c91cdcb0-401a-4159-a0da-fb174a71a34c,easy to use user friendly,5,45,1.1.1,2020-06-23 11:44:45,easy to use user friendly,2020-06,positive,0.6329166889190674,positive,0.6329166889190674
cea79bc0-2d37-4173-b72a-4250fae9087b,very helpful.... 😊😊😊thank u limitless,5,41,1.1.1,2020-06-21 14:28:43,very helpful thank u limitless,2020-06,positive,0.8464834690093994,positive,0.8464834690093994
4f383306-d904-4ff4-b5bd-72f9a36cf942,Very good,5,12,1.1.1,2020-06-14 13:27:49,very good,2020-06,positive,0.7675232887268066,positive,0.7675232887268066
